tree_id,status,diameter_at_pom_cm,dbh_cm,circumference_pi_d_cm,perimeter_from_observed_contour_cm,measurement_height_agl_m,plane_center_height_agl_m,local_ground_z_m,height_convention,field_verified,confidence_is_calibrated,changed_from_baseline,same_physical_plane_as_baseline,diameter_delta_cm_same_plane_only,reason_codes
TREE_0001,MANUAL_REVIEW,,,,,,,-6.6707403,TD008_RESEARCH_VERTICAL_AGL_1P30_PERPENDICULAR_V1,False,False,False,False,,"[""AXIS_CENTERS_INCONSISTENT"", ""CONTINUITY_REQUIRES_THREE_LEVELS"", ""GROUND_SPATIALLY_UNSTABLE"", ""INCOMPLETE_ANGULAR_SUPPORT"", ""INSUFFICIENT_VERTICAL_CONTINUITY"", ""LARGE_UNOBSERVED_SECTOR"", ""MIXED_OR_NONCIRCULAR_SECTION"", ""NOT_TESTED_GEOMETRY_OR_AXIS_GROUND_FAILED"", ""SECTION_RADIUS_EXCEEDS_AUTOMATIC_COHORT_GUARDRAIL"", ""TREE_DETECTION_UNCERTAIN""]"
TREE_0002,MANUAL_REVIEW,,,,,,,-6.2169315,TD008_RESEARCH_VERTICAL_AGL_1P30_PERPENDICULAR_V1,False,False,False,False,,"[""AXIS_CENTERS_INCONSISTENT"", ""CONTINUITY_REQUIRES_THREE_LEVELS"", ""FIT_MOVED_FROM_STEM_HYPOTHESIS"", ""GROUND_SPATIALLY_UNSTABLE"", ""INDEPENDENT_ELLIPSE_DISAGREES"", ""INSUFFICIENT_VERTICAL_CONTINUITY"", ""MIXED_OR_NONCIRCULAR_SECTION"", ""NOT_TESTED_GEOMETRY_OR_AXIS_GROUND_FAILED"", ""OPERATIONAL_RADIUS_GUARDRAIL"", ""SECTION_RADIUS_EXCEEDS_AUTOMATIC_COHORT_GUARDRAIL"", ""TREE_DETECTION_UNCERTAIN""]"
TREE_0003,MANUAL_REVIEW,,,,,,,-6.7288809,TD008_RESEARCH_VERTICAL_AGL_1P30_PERPENDICULAR_V1,False,False,False,False,,"[""AXIS_CENTERS_INCONSISTENT"", ""CONTINUITY_REQUIRES_THREE_LEVELS"", ""FIT_MOVED_FROM_STEM_HYPOTHESIS"", ""INCOMPLETE_ANGULAR_SUPPORT"", ""INSUFFICIENT_VERTICAL_CONTINUITY"", ""LARGE_UNOBSERVED_SECTOR"", ""MIXED_OR_NONCIRCULAR_SECTION"", ""NOT_TESTED_GEOMETRY_OR_AXIS_GROUND_FAILED"", ""OPERATIONALLY_EXCLUDED_TREE_ID"", ""OPERATIONAL_RADIUS_GUARDRAIL"", ""SECTION_RADIUS_EXCEEDS_AUTOMATIC_COHORT_GUARDRAIL"", ""TREE_DETECTION_UNCERTAIN""]"
TREE_0004,MANUAL_REVIEW,,,,,,,-6.7099579,TD008_RESEARCH_VERTICAL_AGL_1P30_PERPENDICULAR_V1,False,False,True,False,,"[""AXIS_NOT_BRACKETED_BY_OBSERVATIONS"", ""CONNECTED_STEM_RADIUS_UNSTABLE"", ""NOT_TESTED_GEOMETRY_OR_AXIS_GROUND_FAILED""]"
TREE_0005,MANUAL_REVIEW,,,,,,,-5.8821457,TD008_RESEARCH_VERTICAL_AGL_1P30_PERPENDICULAR_V1,False,False,False,False,,"[""AXIS_CENTERS_INCONSISTENT"", ""COMPETING_OR_DISCONTINUOUS_STEM_CENTERS"", ""CONNECTED_STEM_RADIUS_UNSTABLE"", ""FIT_MOVED_FROM_STEM_HYPOTHESIS"", ""GROUND_SPATIALLY_UNSTABLE"", ""INDEPENDENT_ELLIPSE_DISAGREES"", ""MIXED_OR_NONCIRCULAR_SECTION"", ""NOT_TESTED_GEOMETRY_OR_AXIS_GROUND_FAILED"", ""OPERATIONAL_RADIUS_GUARDRAIL"", ""SECTION_RADIUS_EXCEEDS_AUTOMATIC_COHORT_GUARDRAIL""]"
TREE_0006,MANUAL_REVIEW,,,,,,,-6.7312066,TD008_RESEARCH_VERTICAL_AGL_1P30_PERPENDICULAR_V1,False,False,False,False,,"[""AXIS_NOT_BRACKETED_BY_OBSERVATIONS"", ""CLEANER_SMALLER_UPPER_SECTION_AVAILABLE"", ""CONTINUITY_REQUIRES_THREE_LEVELS"", ""FIT_MOVED_FROM_STEM_HYPOTHESIS"", ""INSUFFICIENT_VERTICAL_CONTINUITY"", ""LOCAL_AXIS_UNCERTAINTY_TOO_HIGH"", ""MIXED_OR_NONCIRCULAR_SECTION"", ""NOT_TESTED_GEOMETRY_OR_AXIS_GROUND_FAILED"", ""OPERATIONAL_RADIUS_GUARDRAIL"", ""SECTION_RADIUS_EXCEEDS_AUTOMATIC_COHORT_GUARDRAIL"", ""TREE_DETECTION_UNCERTAIN""]"
TREE_0007,MANUAL_REVIEW,,,,,,,-6.7319018,TD008_RESEARCH_VERTICAL_AGL_1P30_PERPENDICULAR_V1,False,False,False,False,,"[""AXIS_CENTERS_INCONSISTENT"", ""CONTINUITY_REQUIRES_THREE_LEVELS"", ""FIT_MOVED_FROM_STEM_HYPOTHESIS"", ""INSUFFICIENT_VERTICAL_CONTINUITY"", ""MIXED_OR_NONCIRCULAR_SECTION"", ""NOT_TESTED_GEOMETRY_OR_AXIS_GROUND_FAILED"", ""OPERATIONAL_RADIUS_GUARDRAIL"", ""SECTION_RADIUS_EXCEEDS_AUTOMATIC_COHORT_GUARDRAIL"", ""TREE_DETECTION_UNCERTAIN""]"
TREE_0008,MANUAL_REVIEW,,,,,,,-6.6588953,TD008_RESEARCH_VERTICAL_AGL_1P30_PERPENDICULAR_V1,False,False,True,False,,"[""AXIS_CENTERS_INCONSISTENT"", ""COMPETING_OR_DISCONTINUOUS_STEM_CENTERS"", ""CONNECTED_STEM_RADIUS_UNSTABLE"", ""HIGH_RELATIVE_RESIDUAL"", ""INDEPENDENT_ELLIPSE_DISAGREES"", ""MIXED_OR_NONCIRCULAR_SECTION"", ""NOT_TESTED_GEOMETRY_OR_AXIS_GROUND_FAILED""]"
TREE_0009,MANUAL_REVIEW,,,,,,,-6.767685,TD008_RESEARCH_VERTICAL_AGL_1P30_PERPENDICULAR_V1,False,False,True,False,,"[""AXIS_CENTERS_INCONSISTENT"", ""CONNECTED_STEM_RADIUS_UNSTABLE"", ""INCOMPLETE_ANGULAR_SUPPORT"", ""INDEPENDENT_ELLIPSE_DISAGREES"", ""LARGE_UNOBSERVED_SECTOR"", ""NOT_TESTED_GEOMETRY_OR_AXIS_GROUND_FAILED""]"
TREE_0010,MANUAL_REVIEW,,,,,,,-6.4602266,TD008_RESEARCH_VERTICAL_AGL_1P30_PERPENDICULAR_V1,False,False,True,False,,"[""CONNECTED_STEM_RADIUS_UNSTABLE"", ""INDEPENDENT_ELLIPSE_DISAGREES"", ""MIXED_OR_NONCIRCULAR_SECTION"", ""NOT_TESTED_GEOMETRY_OR_AXIS_GROUND_FAILED""]"
TREE_0011,MANUAL_REVIEW,,,,,,,-6.6705961,TD008_RESEARCH_VERTICAL_AGL_1P30_PERPENDICULAR_V1,False,False,True,False,,"[""AXIS_NOT_BRACKETED_BY_OBSERVATIONS"", ""INDEPENDENT_ELLIPSE_DISAGREES"", ""NOT_TESTED_GEOMETRY_OR_AXIS_GROUND_FAILED""]"
TREE_0012,MANUAL_REVIEW,,,,,,,-6.5853655,TD008_RESEARCH_VERTICAL_AGL_1P30_PERPENDICULAR_V1,False,False,False,False,,"[""AXIS_NOT_BRACKETED_BY_OBSERVATIONS"", ""CONTINUITY_REQUIRES_THREE_LEVELS"", ""FIT_MOVED_FROM_STEM_HYPOTHESIS"", ""INDEPENDENT_ELLIPSE_DISAGREES"", ""INSUFFICIENT_VERTICAL_CONTINUITY"", ""MIXED_OR_NONCIRCULAR_SECTION"", ""NOT_TESTED_GEOMETRY_OR_AXIS_GROUND_FAILED"", ""OPERATIONAL_RADIUS_GUARDRAIL"", ""SECTION_RADIUS_EXCEEDS_AUTOMATIC_COHORT_GUARDRAIL"", ""TREE_DETECTION_UNCERTAIN""]"
TREE_0013,MANUAL_REVIEW,,,,,,,-6.6889013,TD008_RESEARCH_VERTICAL_AGL_1P30_PERPENDICULAR_V1,False,False,False,False,,"[""AXIS_CENTERS_INCONSISTENT"", ""CONNECTED_STEM_RADIUS_UNSTABLE"", ""GROUND_SHIFT_UNSUPPORTED"", ""HIGH_RELATIVE_RESIDUAL"", ""INCOMPLETE_ANGULAR_SUPPORT"", ""INDEPENDENT_ELLIPSE_DISAGREES"", ""INSUFFICIENT_ARC_COVERAGE"", ""INSUFFICIENT_INLIERS"", ""LARGE_UNOBSERVED_SECTOR"", ""LOW_POINT_SUPPORT"", ""MIXED_OR_NONCIRCULAR_SECTION"", ""NOT_TESTED_GEOMETRY_OR_AXIS_GROUND_FAILED"", ""QUALITY_SCORE_BELOW_THRESHOLD"", ""RADIUS_RANGE_UNSTABLE_ACROSS_HEIGHTS"", ""TREE_DETECTION_UNCERTAIN""]"
TREE_0014,MANUAL_REVIEW,,,,,,,-6.3040047,TD008_RESEARCH_VERTICAL_AGL_1P30_PERPENDICULAR_V1,False,False,False,False,,"[""INDEPENDENT_ELLIPSE_DISAGREES"", ""NOT_TESTED_GEOMETRY_OR_AXIS_GROUND_FAILED"", ""TREE_DETECTION_UNCERTAIN""]"
TREE_0015,MANUAL_REVIEW,,,,,,,-6.6398882,TD008_RESEARCH_VERTICAL_AGL_1P30_PERPENDICULAR_V1,False,False,False,False,,"[""AXIS_CENTERS_INCONSISTENT"", ""CONTINUITY_REQUIRES_THREE_LEVELS"", ""FIT_MOVED_FROM_STEM_HYPOTHESIS"", ""INDEPENDENT_ELLIPSE_DISAGREES"", ""INSUFFICIENT_VERTICAL_CONTINUITY"", ""LOCAL_AXIS_UNCERTAINTY_TOO_HIGH"", ""MIXED_OR_NONCIRCULAR_SECTION"", ""NOT_TESTED_GEOMETRY_OR_AXIS_GROUND_FAILED"", ""OPERATIONAL_RADIUS_GUARDRAIL"", ""SECTION_RADIUS_EXCEEDS_AUTOMATIC_COHORT_GUARDRAIL"", ""TREE_DETECTION_UNCERTAIN""]"
TREE_0016,MANUAL_REVIEW,,,,,,,-6.5160494,TD008_RESEARCH_VERTICAL_AGL_1P30_PERPENDICULAR_V1,False,False,False,False,,"[""AXIS_CENTERS_INCONSISTENT"", ""CONTINUITY_REQUIRES_THREE_LEVELS"", ""FIT_MOVED_FROM_STEM_HYPOTHESIS"", ""GROUND_SPATIALLY_UNSTABLE"", ""INCOMPLETE_ANGULAR_SUPPORT"", ""INDEPENDENT_ELLIPSE_DISAGREES"", ""INSUFFICIENT_VERTICAL_CONTINUITY"", ""LARGE_UNOBSERVED_SECTOR"", ""MIXED_OR_NONCIRCULAR_SECTION"", ""NOT_TESTED_GEOMETRY_OR_AXIS_GROUND_FAILED"", ""OPERATIONAL_RADIUS_GUARDRAIL"", ""SECTION_RADIUS_EXCEEDS_AUTOMATIC_COHORT_GUARDRAIL"", ""TREE_DETECTION_UNCERTAIN""]"
TREE_0017,MANUAL_REVIEW,,,,,,,-6.4375346,TD008_RESEARCH_VERTICAL_AGL_1P30_PERPENDICULAR_V1,False,False,True,False,,"[""AXIS_NOT_BRACKETED_BY_OBSERVATIONS"", ""CONNECTED_STEM_RADIUS_UNSTABLE"", ""INDEPENDENT_ELLIPSE_DISAGREES"", ""MIXED_OR_NONCIRCULAR_SECTION"", ""NOT_TESTED_GEOMETRY_OR_AXIS_GROUND_FAILED""]"
TREE_0018,MANUAL_REVIEW,,,,,,,-6.5318304,TD008_RESEARCH_VERTICAL_AGL_1P30_PERPENDICULAR_V1,False,False,True,False,,"[""GROUND_SPATIALLY_UNSTABLE"", ""INDEPENDENT_ELLIPSE_DISAGREES"", ""MIXED_OR_NONCIRCULAR_SECTION"", ""NOT_TESTED_GEOMETRY_OR_AXIS_GROUND_FAILED""]"
TREE_0019,MANUAL_REVIEW,,,,,,,-6.6658036,TD008_RESEARCH_VERTICAL_AGL_1P30_PERPENDICULAR_V1,False,False,False,False,,"[""AXIS_CENTERS_INCONSISTENT"", ""AXIS_IDENTITY_SHIFT"", ""AXIS_MODEL_DISAGREEMENT"", ""CONTINUITY_REQUIRES_THREE_LEVELS"", ""FIT_MOVED_FROM_STEM_HYPOTHESIS"", ""INDEPENDENT_ELLIPSE_DISAGREES"", ""INSUFFICIENT_VERTICAL_CONTINUITY"", ""LOCAL_AXIS_UNCERTAINTY_TOO_HIGH"", ""MIXED_OR_NONCIRCULAR_SECTION"", ""NOT_TESTED_GEOMETRY_OR_AXIS_GROUND_FAILED"", ""OPERATIONAL_RADIUS_GUARDRAIL"", ""SECTION_RADIUS_EXCEEDS_AUTOMATIC_COHORT_GUARDRAIL"", ""TREE_DETECTION_UNCERTAIN""]"
TREE_0020,MANUAL_REVIEW,,,,,,,-6.7312526,TD008_RESEARCH_VERTICAL_AGL_1P30_PERPENDICULAR_V1,False,False,False,False,,"[""AXIS_CENTERS_INCONSISTENT"", ""AXIS_IDENTITY_SHIFT"", ""CONTINUITY_REQUIRES_THREE_LEVELS"", ""FIT_MOVED_FROM_STEM_HYPOTHESIS"", ""INCOMPLETE_ANGULAR_SUPPORT"", ""INDEPENDENT_ELLIPSE_DISAGREES"", ""INSUFFICIENT_VERTICAL_CONTINUITY"", ""LARGE_UNOBSERVED_SECTOR"", ""LOCAL_AXIS_UNCERTAINTY_TOO_HIGH"", ""MIXED_OR_NONCIRCULAR_SECTION"", ""NOT_TESTED_GEOMETRY_OR_AXIS_GROUND_FAILED""]"
TREE_0021,MANUAL_REVIEW,,,,,,,-6.7258546,TD008_RESEARCH_VERTICAL_AGL_1P30_PERPENDICULAR_V1,False,False,False,False,,"[""AXIS_NOT_BRACKETED_BY_OBSERVATIONS"", ""CONTINUITY_REQUIRES_THREE_LEVELS"", ""INDEPENDENT_ELLIPSE_DISAGREES"", ""INSUFFICIENT_VERTICAL_CONTINUITY"", ""MIXED_OR_NONCIRCULAR_SECTION"", ""NOT_TESTED_GEOMETRY_OR_AXIS_GROUND_FAILED"", ""OPERATIONAL_RADIUS_GUARDRAIL"", ""SECTION_RADIUS_EXCEEDS_AUTOMATIC_COHORT_GUARDRAIL"", ""TREE_DETECTION_UNCERTAIN""]"
TREE_0022,MANUAL_REVIEW,,,,,,,-6.7504572,TD008_RESEARCH_VERTICAL_AGL_1P30_PERPENDICULAR_V1,False,False,True,False,,"[""AXIS_CENTERS_INCONSISTENT"", ""CONNECTED_STEM_RADIUS_UNSTABLE"", ""INDEPENDENT_ELLIPSE_DISAGREES"", ""NOT_TESTED_GEOMETRY_OR_AXIS_GROUND_FAILED""]"
TREE_0023,MANUAL_REVIEW,,,,,,,-6.7335054,TD008_RESEARCH_VERTICAL_AGL_1P30_PERPENDICULAR_V1,False,False,True,False,,"[""AXIS_CENTERS_INCONSISTENT"", ""COMPETING_OR_DISCONTINUOUS_STEM_CENTERS"", ""CONNECTED_STEM_RADIUS_UNSTABLE"", ""INCOMPLETE_ANGULAR_SUPPORT"", ""INDEPENDENT_ELLIPSE_DISAGREES"", ""LARGE_UNOBSERVED_SECTOR"", ""MIXED_OR_NONCIRCULAR_SECTION"", ""NOT_TESTED_GEOMETRY_OR_AXIS_GROUND_FAILED""]"
TREE_0024,MANUAL_REVIEW,,,,,,,-6.7472498,TD008_RESEARCH_VERTICAL_AGL_1P30_PERPENDICULAR_V1,False,False,False,False,,"[""COMPETING_OR_DISCONTINUOUS_STEM_CENTERS"", ""CONNECTED_STEM_RADIUS_UNSTABLE"", ""INCOMPLETE_ANGULAR_SUPPORT"", ""INDEPENDENT_ELLIPSE_DISAGREES"", ""LARGE_UNOBSERVED_SECTOR"", ""MIXED_OR_NONCIRCULAR_SECTION"", ""NOT_TESTED_GEOMETRY_OR_AXIS_GROUND_FAILED"", ""OPERATIONALLY_EXCLUDED_TREE_ID"", ""OPERATIONAL_RADIUS_GUARDRAIL"", ""SECTION_RADIUS_EXCEEDS_AUTOMATIC_COHORT_GUARDRAIL""]"
TREE_0025,MANUAL_REVIEW,,,,,,,-6.6167044,TD008_RESEARCH_VERTICAL_AGL_1P30_PERPENDICULAR_V1,False,False,False,False,,"[""AXIS_NOT_BRACKETED_BY_OBSERVATIONS"", ""CONTINUITY_REQUIRES_THREE_LEVELS"", ""FIT_MOVED_FROM_STEM_HYPOTHESIS"", ""GROUND_SPATIALLY_UNSTABLE"", ""INDEPENDENT_ELLIPSE_DISAGREES"", ""INSUFFICIENT_VERTICAL_CONTINUITY"", ""LOCAL_AXIS_UNCERTAINTY_TOO_HIGH"", ""MIXED_OR_NONCIRCULAR_SECTION"", ""NOT_TESTED_GEOMETRY_OR_AXIS_GROUND_FAILED"", ""OPERATIONAL_RADIUS_GUARDRAIL"", ""SECTION_RADIUS_EXCEEDS_AUTOMATIC_COHORT_GUARDRAIL"", ""TREE_DETECTION_UNCERTAIN""]"
TREE_0026,MANUAL_REVIEW,,,,,,,-6.5498138,TD008_RESEARCH_VERTICAL_AGL_1P30_PERPENDICULAR_V1,False,False,True,False,,"[""AXIS_NOT_BRACKETED_BY_OBSERVATIONS"", ""COMPETING_OR_DISCONTINUOUS_STEM_CENTERS"", ""CONNECTED_STEM_RADIUS_UNSTABLE"", ""GROUND_SPATIALLY_UNSTABLE"", ""INDEPENDENT_ELLIPSE_DISAGREES"", ""MIXED_OR_NONCIRCULAR_SECTION"", ""NOT_TESTED_GEOMETRY_OR_AXIS_GROUND_FAILED""]"
TREE_0027,MANUAL_REVIEW,,,,,,,-6.5780379,TD008_RESEARCH_VERTICAL_AGL_1P30_PERPENDICULAR_V1,False,False,False,False,,"[""AXIS_CENTERS_INCONSISTENT"", ""GROUND_SPATIALLY_UNSTABLE"", ""INDEPENDENT_ELLIPSE_DISAGREES"", ""MIXED_OR_NONCIRCULAR_SECTION"", ""NOT_TESTED_GEOMETRY_OR_AXIS_GROUND_FAILED"", ""TREE_DETECTION_UNCERTAIN""]"
TREE_0028,MANUAL_REVIEW,,,,,,,-6.7491315,TD008_RESEARCH_VERTICAL_AGL_1P30_PERPENDICULAR_V1,False,False,True,False,,"[""INCOMPLETE_ANGULAR_SUPPORT"", ""INDEPENDENT_ELLIPSE_DISAGREES"", ""LARGE_UNOBSERVED_SECTOR"", ""NOT_TESTED_GEOMETRY_OR_AXIS_GROUND_FAILED""]"
TREE_0029,MANUAL_REVIEW,,,,,,,-6.6082553,TD008_RESEARCH_VERTICAL_AGL_1P30_PERPENDICULAR_V1,False,False,False,False,,"[""INDEPENDENT_ELLIPSE_DISAGREES"", ""MIXED_OR_NONCIRCULAR_SECTION"", ""NOT_TESTED_GEOMETRY_OR_AXIS_GROUND_FAILED"", ""TREE_DETECTION_UNCERTAIN""]"
TREE_0030,MANUAL_REVIEW,,,,,,,-6.5509298,TD008_RESEARCH_VERTICAL_AGL_1P30_PERPENDICULAR_V1,False,False,True,False,,"[""AXIS_NOT_BRACKETED_BY_OBSERVATIONS"", ""GROUND_SPATIALLY_UNSTABLE"", ""MIXED_OR_NONCIRCULAR_SECTION"", ""NOT_TESTED_GEOMETRY_OR_AXIS_GROUND_FAILED""]"
TREE_0031,MANUAL_REVIEW,,,,,,,-6.7213824,TD008_RESEARCH_VERTICAL_AGL_1P30_PERPENDICULAR_V1,False,False,True,False,,"[""AXIS_CENTERS_INCONSISTENT"", ""INDEPENDENT_ELLIPSE_DISAGREES"", ""LARGE_UNOBSERVED_SECTOR"", ""NOT_TESTED_GEOMETRY_OR_AXIS_GROUND_FAILED""]"
TREE_0032,MANUAL_REVIEW,,,,,,,-6.735925,TD008_RESEARCH_VERTICAL_AGL_1P30_PERPENDICULAR_V1,False,False,True,False,,"[""COMPETING_OR_DISCONTINUOUS_STEM_CENTERS"", ""CONNECTED_STEM_RADIUS_UNSTABLE"", ""HIGH_RELATIVE_RESIDUAL"", ""INDEPENDENT_ELLIPSE_DISAGREES"", ""NOT_TESTED_GEOMETRY_OR_AXIS_GROUND_FAILED""]"
TREE_0033,MANUAL_REVIEW,,,,,,,-6.626853,TD008_RESEARCH_VERTICAL_AGL_1P30_PERPENDICULAR_V1,False,False,True,False,,"[""GROUND_SPATIALLY_UNSTABLE"", ""INDEPENDENT_ELLIPSE_DISAGREES"", ""MIXED_OR_NONCIRCULAR_SECTION"", ""NOT_TESTED_GEOMETRY_OR_AXIS_GROUND_FAILED""]"
TREE_0034,MANUAL_REVIEW,,,,,,,-6.7203835,TD008_RESEARCH_VERTICAL_AGL_1P30_PERPENDICULAR_V1,False,False,False,False,,"[""AXIS_NOT_BRACKETED_BY_OBSERVATIONS"", ""CONNECTED_STEM_RADIUS_UNSTABLE"", ""FIT_MOVED_FROM_STEM_HYPOTHESIS"", ""INCOMPLETE_ANGULAR_SUPPORT"", ""INDEPENDENT_ELLIPSE_DISAGREES"", ""LARGE_SECTION_REQUIRES_STRONGER_ARC_COVERAGE"", ""MIXED_OR_NONCIRCULAR_SECTION"", ""NOT_TESTED_GEOMETRY_OR_AXIS_GROUND_FAILED"", ""OPERATIONAL_RADIUS_GUARDRAIL"", ""SECTION_RADIUS_EXCEEDS_AUTOMATIC_COHORT_GUARDRAIL"", ""TREE_DETECTION_UNCERTAIN""]"
TREE_0035,MANUAL_REVIEW,,,,,,,-6.7229489,TD008_RESEARCH_VERTICAL_AGL_1P30_PERPENDICULAR_V1,False,False,True,False,,"[""INCOMPLETE_ANGULAR_SUPPORT"", ""INDEPENDENT_ELLIPSE_DISAGREES"", ""LARGE_UNOBSERVED_SECTOR"", ""NOT_TESTED_GEOMETRY_OR_AXIS_GROUND_FAILED""]"
TREE_0036,MANUAL_REVIEW,,,,,,,-6.6608784,TD008_RESEARCH_VERTICAL_AGL_1P30_PERPENDICULAR_V1,False,False,False,False,,"[""AXIS_NOT_BRACKETED_BY_OBSERVATIONS"", ""CONTINUITY_REQUIRES_THREE_LEVELS"", ""FIT_MOVED_FROM_STEM_HYPOTHESIS"", ""INCOMPLETE_ANGULAR_SUPPORT"", ""INDEPENDENT_ELLIPSE_DISAGREES"", ""INSUFFICIENT_VERTICAL_CONTINUITY"", ""LOCAL_AXIS_UNCERTAINTY_TOO_HIGH"", ""MIXED_OR_NONCIRCULAR_SECTION"", ""NOT_TESTED_GEOMETRY_OR_AXIS_GROUND_FAILED"", ""OPERATIONAL_RADIUS_GUARDRAIL"", ""SECTION_RADIUS_EXCEEDS_AUTOMATIC_COHORT_GUARDRAIL"", ""TREE_DETECTION_UNCERTAIN""]"
TREE_0037,STANDARD_DBH,7.2197471,7.2197471,22.6815046,,1.3,1.3001988,-6.7387928,TD008_RESEARCH_VERTICAL_AGL_1P30_PERPENDICULAR_V1,False,False,True,True,0.1997471,"[""NOT_FIELD_VALIDATED"", ""PASSES_EXPERIMENTAL_GEOMETRY_GATES""]"
TREE_0038,MANUAL_REVIEW,,,,,,,-6.6730342,TD008_RESEARCH_VERTICAL_AGL_1P30_PERPENDICULAR_V1,False,False,False,False,,"[""AXIS_CENTERS_INCONSISTENT"", ""AXIS_IDENTITY_SHIFT"", ""AXIS_MODEL_DISAGREEMENT"", ""CONTINUITY_REQUIRES_THREE_LEVELS"", ""FIT_MOVED_FROM_STEM_HYPOTHESIS"", ""INDEPENDENT_ELLIPSE_DISAGREES"", ""INSUFFICIENT_VERTICAL_CONTINUITY"", ""LOCAL_AXIS_UNCERTAINTY_TOO_HIGH"", ""MIXED_OR_NONCIRCULAR_SECTION"", ""NOT_TESTED_GEOMETRY_OR_AXIS_GROUND_FAILED"", ""OPERATIONAL_RADIUS_GUARDRAIL"", ""SECTION_RADIUS_EXCEEDS_AUTOMATIC_COHORT_GUARDRAIL"", ""TREE_DETECTION_UNCERTAIN""]"
TREE_0039,MANUAL_REVIEW,,,,,,,-6.716088,TD008_RESEARCH_VERTICAL_AGL_1P30_PERPENDICULAR_V1,False,False,True,False,,"[""INCOMPLETE_ANGULAR_SUPPORT"", ""LARGE_UNOBSERVED_SECTOR"", ""NOT_TESTED_GEOMETRY_OR_AXIS_GROUND_FAILED""]"
TREE_0040,MANUAL_REVIEW,,,,,,,-6.7346503,TD008_RESEARCH_VERTICAL_AGL_1P30_PERPENDICULAR_V1,False,False,True,False,,"[""AXIS_NOT_BRACKETED_BY_OBSERVATIONS"", ""CONNECTED_STEM_RADIUS_UNSTABLE"", ""HIGH_RELATIVE_RESIDUAL"", ""INDEPENDENT_ELLIPSE_DISAGREES"", ""NOT_TESTED_GEOMETRY_OR_AXIS_GROUND_FAILED""]"
TREE_0041,MANUAL_REVIEW,,,,,,,-6.7492927,TD008_RESEARCH_VERTICAL_AGL_1P30_PERPENDICULAR_V1,False,False,True,False,,"[""CONNECTED_STEM_RADIUS_UNSTABLE"", ""HIGH_RELATIVE_RESIDUAL"", ""NOT_TESTED_GEOMETRY_OR_AXIS_GROUND_FAILED""]"
TREE_0042,MANUAL_REVIEW,,,,,,,-6.7375597,TD008_RESEARCH_VERTICAL_AGL_1P30_PERPENDICULAR_V1,False,False,False,False,,"[""AXIS_NOT_BRACKETED_BY_OBSERVATIONS"", ""COMPETING_OR_DISCONTINUOUS_STEM_CENTERS"", ""HIGH_RELATIVE_RESIDUAL"", ""INCOMPLETE_ANGULAR_SUPPORT"", ""INDEPENDENT_ELLIPSE_DISAGREES"", ""LARGE_UNOBSERVED_SECTOR"", ""MIXED_OR_NONCIRCULAR_SECTION"", ""NOT_TESTED_GEOMETRY_OR_AXIS_GROUND_FAILED"", ""TREE_DETECTION_UNCERTAIN""]"
TREE_0043,MANUAL_REVIEW,,,,,,,-6.721384,TD008_RESEARCH_VERTICAL_AGL_1P30_PERPENDICULAR_V1,False,False,True,False,,"[""AXIS_NOT_BRACKETED_BY_OBSERVATIONS"", ""CONNECTED_STEM_RADIUS_UNSTABLE"", ""INCOMPLETE_ANGULAR_SUPPORT"", ""INDEPENDENT_ELLIPSE_DISAGREES"", ""LARGE_UNOBSERVED_SECTOR"", ""MIXED_OR_NONCIRCULAR_SECTION"", ""NOT_TESTED_GEOMETRY_OR_AXIS_GROUND_FAILED""]"
TREE_0044,ALTERNATIVE_POM,12.391604,,38.9293721,,1.7,1.6996075,-6.7367283,TD008_RESEARCH_VERTICAL_AGL_1P30_PERPENDICULAR_V1,False,False,True,False,,"[""NOT_FIELD_VALIDATED"", ""PASSES_EXPERIMENTAL_GEOMETRY_GATES""]"
TREE_0045,MANUAL_REVIEW,,,,,,,-6.7225435,TD008_RESEARCH_VERTICAL_AGL_1P30_PERPENDICULAR_V1,False,False,False,False,,"[""AXIS_NOT_BRACKETED_BY_OBSERVATIONS"", ""CONTINUITY_REQUIRES_THREE_LEVELS"", ""FIT_MOVED_FROM_STEM_HYPOTHESIS"", ""GROUND_SPATIALLY_UNSTABLE"", ""INSUFFICIENT_VERTICAL_CONTINUITY"", ""MIXED_OR_NONCIRCULAR_SECTION"", ""NOT_TESTED_GEOMETRY_OR_AXIS_GROUND_FAILED"", ""TREE_DETECTION_UNCERTAIN""]"
TREE_0046,MANUAL_REVIEW,,,,,,,-6.7634903,TD008_RESEARCH_VERTICAL_AGL_1P30_PERPENDICULAR_V1,False,False,True,False,,"[""AXIS_NOT_BRACKETED_BY_OBSERVATIONS"", ""INDEPENDENT_ELLIPSE_DISAGREES"", ""MIXED_OR_NONCIRCULAR_SECTION"", ""NOT_TESTED_GEOMETRY_OR_AXIS_GROUND_FAILED""]"
TREE_0047,MANUAL_REVIEW,,,,,,,-6.6444817,TD008_RESEARCH_VERTICAL_AGL_1P30_PERPENDICULAR_V1,False,False,False,False,,"[""AXIS_CENTERS_INCONSISTENT"", ""AXIS_IDENTITY_SHIFT"", ""AXIS_MODEL_DISAGREEMENT"", ""CONTINUITY_REQUIRES_THREE_LEVELS"", ""FIT_MOVED_FROM_STEM_HYPOTHESIS"", ""INCOMPLETE_ANGULAR_SUPPORT"", ""INDEPENDENT_ELLIPSE_DISAGREES"", ""INSUFFICIENT_VERTICAL_CONTINUITY"", ""LARGE_UNOBSERVED_SECTOR"", ""LOCAL_AXIS_UNCERTAINTY_TOO_HIGH"", ""MIXED_OR_NONCIRCULAR_SECTION"", ""NOT_TESTED_GEOMETRY_OR_AXIS_GROUND_FAILED"", ""OPERATIONAL_RADIUS_GUARDRAIL"", ""TREE_DETECTION_UNCERTAIN""]"
TREE_0048,MANUAL_REVIEW,,,,,,,-6.5938348,TD008_RESEARCH_VERTICAL_AGL_1P30_PERPENDICULAR_V1,False,False,True,False,,"[""AXIS_CENTERS_INCONSISTENT"", ""COMPETING_OR_DISCONTINUOUS_STEM_CENTERS"", ""CONNECTED_STEM_RADIUS_UNSTABLE"", ""FIT_MOVED_FROM_STEM_HYPOTHESIS"", ""INDEPENDENT_ELLIPSE_DISAGREES"", ""MIXED_OR_NONCIRCULAR_SECTION"", ""NOT_TESTED_GEOMETRY_OR_AXIS_GROUND_FAILED""]"
TREE_0049,MANUAL_REVIEW,,,,,,,-6.7531425,TD008_RESEARCH_VERTICAL_AGL_1P30_PERPENDICULAR_V1,False,False,True,False,,"[""AXIS_CENTERS_INCONSISTENT"", ""CONNECTED_STEM_RADIUS_UNSTABLE"", ""HIGH_RELATIVE_RESIDUAL"", ""NOT_TESTED_GEOMETRY_OR_AXIS_GROUND_FAILED""]"
TREE_0050,MANUAL_REVIEW,,,,,,,-6.7218869,TD008_RESEARCH_VERTICAL_AGL_1P30_PERPENDICULAR_V1,False,False,True,False,,"[""AXIS_NOT_BRACKETED_BY_OBSERVATIONS"", ""CONNECTED_STEM_RADIUS_UNSTABLE"", ""HIGH_RELATIVE_RESIDUAL"", ""INDEPENDENT_ELLIPSE_DISAGREES"", ""NOT_TESTED_GEOMETRY_OR_AXIS_GROUND_FAILED""]"
TREE_0051,ALTERNATIVE_POM,19.554201,,61.4313341,,2.6,2.5997269,-6.1620171,TD008_RESEARCH_VERTICAL_AGL_1P30_PERPENDICULAR_V1,False,False,True,False,,"[""NOT_FIELD_VALIDATED"", ""PASSES_EXPERIMENTAL_GEOMETRY_GATES""]"
TREE_0052,MANUAL_REVIEW,,,,,,,-6.7301006,TD008_RESEARCH_VERTICAL_AGL_1P30_PERPENDICULAR_V1,False,False,True,False,,"[""AXIS_NOT_BRACKETED_BY_OBSERVATIONS"", ""CONNECTED_STEM_RADIUS_UNSTABLE"", ""HIGH_RELATIVE_RESIDUAL"", ""INDEPENDENT_ELLIPSE_DISAGREES"", ""MIXED_OR_NONCIRCULAR_SECTION"", ""NOT_TESTED_GEOMETRY_OR_AXIS_GROUND_FAILED""]"
TREE_0053,MANUAL_REVIEW,,,,,,,-6.7667813,TD008_RESEARCH_VERTICAL_AGL_1P30_PERPENDICULAR_V1,False,False,False,False,,"[""AXIS_CENTERS_INCONSISTENT"", ""CONTINUITY_REQUIRES_THREE_LEVELS"", ""INSUFFICIENT_VERTICAL_CONTINUITY"", ""NOT_TESTED_GEOMETRY_OR_AXIS_GROUND_FAILED"", ""NO_STABLE_CIRCLE""]"
TREE_0054,MANUAL_REVIEW,,,,,,,-6.7091775,TD008_RESEARCH_VERTICAL_AGL_1P30_PERPENDICULAR_V1,False,False,True,False,,"[""AXIS_CENTERS_INCONSISTENT"", ""CONNECTED_STEM_RADIUS_UNSTABLE"", ""FIT_MOVED_FROM_STEM_HYPOTHESIS"", ""HIGH_RELATIVE_RESIDUAL"", ""INDEPENDENT_ELLIPSE_DISAGREES"", ""MIXED_OR_NONCIRCULAR_SECTION"", ""NOT_TESTED_GEOMETRY_OR_AXIS_GROUND_FAILED""]"
TREE_0055,MANUAL_REVIEW,,,,,,,-6.6749852,TD008_RESEARCH_VERTICAL_AGL_1P30_PERPENDICULAR_V1,False,False,True,False,,"[""GROUND_SPATIALLY_UNSTABLE"", ""INCOMPLETE_ANGULAR_SUPPORT"", ""INDEPENDENT_ELLIPSE_DISAGREES"", ""LARGE_UNOBSERVED_SECTOR"", ""MIXED_OR_NONCIRCULAR_SECTION"", ""NOT_TESTED_GEOMETRY_OR_AXIS_GROUND_FAILED""]"
TREE_0056,MANUAL_REVIEW,,,,,,,-6.7186637,TD008_RESEARCH_VERTICAL_AGL_1P30_PERPENDICULAR_V1,False,False,False,False,,"[""AXIS_NOT_BRACKETED_BY_OBSERVATIONS"", ""CONTINUITY_REQUIRES_THREE_LEVELS"", ""INCOMPLETE_ANGULAR_SUPPORT"", ""LARGE_UNOBSERVED_SECTOR"", ""NOT_TESTED_GEOMETRY_OR_AXIS_GROUND_FAILED"", ""OPERATIONALLY_EXCLUDED_TREE_ID"", ""OPERATIONAL_RADIUS_GUARDRAIL"", ""SECTION_RADIUS_EXCEEDS_AUTOMATIC_COHORT_GUARDRAIL"", ""TREE_DETECTION_UNCERTAIN""]"
TREE_0057,MANUAL_REVIEW,,,,,,,-6.6392644,TD008_RESEARCH_VERTICAL_AGL_1P30_PERPENDICULAR_V1,False,False,False,False,,"[""AXIS_CENTERS_INCONSISTENT"", ""AXIS_IDENTITY_SHIFT"", ""AXIS_MODEL_DISAGREEMENT"", ""CONTINUITY_REQUIRES_THREE_LEVELS"", ""FIT_MOVED_FROM_STEM_HYPOTHESIS"", ""INCOMPLETE_ANGULAR_SUPPORT"", ""INDEPENDENT_ELLIPSE_DISAGREES"", ""INSUFFICIENT_VERTICAL_CONTINUITY"", ""LARGE_UNOBSERVED_SECTOR"", ""LOCAL_AXIS_UNCERTAINTY_TOO_HIGH"", ""MIXED_OR_NONCIRCULAR_SECTION"", ""NOT_TESTED_GEOMETRY_OR_AXIS_GROUND_FAILED"", ""SECTION_RADIUS_EXCEEDS_AUTOMATIC_COHORT_GUARDRAIL""]"
TREE_0058,MANUAL_REVIEW,,,,,,,-6.7091078,TD008_RESEARCH_VERTICAL_AGL_1P30_PERPENDICULAR_V1,False,False,False,False,,"[""AXIS_NOT_BRACKETED_BY_OBSERVATIONS"", ""CONTINUITY_REQUIRES_THREE_LEVELS"", ""FIT_MOVED_FROM_STEM_HYPOTHESIS"", ""INDEPENDENT_ELLIPSE_DISAGREES"", ""INSUFFICIENT_VERTICAL_CONTINUITY"", ""MIXED_OR_NONCIRCULAR_SECTION"", ""NOT_TESTED_GEOMETRY_OR_AXIS_GROUND_FAILED"", ""OPERATIONAL_RADIUS_GUARDRAIL"", ""SECTION_RADIUS_EXCEEDS_AUTOMATIC_COHORT_GUARDRAIL"", ""TREE_DETECTION_UNCERTAIN""]"
TREE_0059,MANUAL_REVIEW,,,,,,,-6.628832,TD008_RESEARCH_VERTICAL_AGL_1P30_PERPENDICULAR_V1,False,False,False,False,,"[""AXIS_CENTERS_INCONSISTENT"", ""AXIS_IDENTITY_SHIFT"", ""CONTINUITY_REQUIRES_THREE_LEVELS"", ""FIT_MOVED_FROM_STEM_HYPOTHESIS"", ""INCOMPLETE_ANGULAR_SUPPORT"", ""INDEPENDENT_ELLIPSE_DISAGREES"", ""INSUFFICIENT_VERTICAL_CONTINUITY"", ""LARGE_UNOBSERVED_SECTOR"", ""LOCAL_AXIS_UNCERTAINTY_TOO_HIGH"", ""MIXED_OR_NONCIRCULAR_SECTION"", ""NOT_TESTED_GEOMETRY_OR_AXIS_GROUND_FAILED"", ""OPERATIONAL_RADIUS_GUARDRAIL"", ""SECTION_RADIUS_EXCEEDS_AUTOMATIC_COHORT_GUARDRAIL""]"
TREE_0060,MANUAL_REVIEW,,,,,,,-6.6341026,TD008_RESEARCH_VERTICAL_AGL_1P30_PERPENDICULAR_V1,False,False,False,False,,"[""AXIS_CENTERS_INCONSISTENT"", ""AXIS_IDENTITY_SHIFT"", ""AXIS_MODEL_DISAGREEMENT"", ""CONTINUITY_REQUIRES_THREE_LEVELS"", ""FIT_MOVED_FROM_STEM_HYPOTHESIS"", ""INDEPENDENT_ELLIPSE_DISAGREES"", ""INSUFFICIENT_VERTICAL_CONTINUITY"", ""LOCAL_AXIS_UNCERTAINTY_TOO_HIGH"", ""MIXED_OR_NONCIRCULAR_SECTION"", ""NOT_TESTED_GEOMETRY_OR_AXIS_GROUND_FAILED"", ""OPERATIONAL_RADIUS_GUARDRAIL"", ""SECTION_RADIUS_EXCEEDS_AUTOMATIC_COHORT_GUARDRAIL"", ""TREE_DETECTION_UNCERTAIN""]"
TREE_0061,MANUAL_REVIEW,,,,,,,-6.7032326,TD008_RESEARCH_VERTICAL_AGL_1P30_PERPENDICULAR_V1,False,False,False,False,,"[""AXIS_NOT_BRACKETED_BY_OBSERVATIONS"", ""INDEPENDENT_ELLIPSE_DISAGREES"", ""NOT_TESTED_GEOMETRY_OR_AXIS_GROUND_FAILED"", ""TREE_DETECTION_UNCERTAIN""]"
TREE_0062,MANUAL_REVIEW,,,,,,,-6.6594727,TD008_RESEARCH_VERTICAL_AGL_1P30_PERPENDICULAR_V1,False,False,True,False,,"[""AXIS_CENTERS_INCONSISTENT"", ""COMPETING_OR_DISCONTINUOUS_STEM_CENTERS"", ""CONNECTED_STEM_RADIUS_UNSTABLE"", ""FIT_MOVED_FROM_STEM_HYPOTHESIS"", ""INCOMPLETE_ANGULAR_SUPPORT"", ""INDEPENDENT_ELLIPSE_DISAGREES"", ""LARGE_UNOBSERVED_SECTOR"", ""NOT_TESTED_GEOMETRY_OR_AXIS_GROUND_FAILED""]"
TREE_0063,MANUAL_REVIEW,,,,,,,-6.6745373,TD008_RESEARCH_VERTICAL_AGL_1P30_PERPENDICULAR_V1,False,False,False,False,,"[""AXIS_CENTERS_INCONSISTENT"", ""CONTINUITY_REQUIRES_THREE_LEVELS"", ""INCOMPLETE_ANGULAR_SUPPORT"", ""INDEPENDENT_ELLIPSE_DISAGREES"", ""INSUFFICIENT_VERTICAL_CONTINUITY"", ""LARGE_UNOBSERVED_SECTOR"", ""MIXED_OR_NONCIRCULAR_SECTION"", ""NOT_TESTED_GEOMETRY_OR_AXIS_GROUND_FAILED""]"
TREE_0064,MANUAL_REVIEW,,,,,,,-6.5108164,TD008_RESEARCH_VERTICAL_AGL_1P30_PERPENDICULAR_V1,False,False,False,False,,"[""AXIS_NOT_BRACKETED_BY_OBSERVATIONS"", ""CONNECTED_STEM_RADIUS_UNSTABLE"", ""GROUND_SPATIALLY_UNSTABLE"", ""MIXED_OR_NONCIRCULAR_SECTION"", ""NOT_TESTED_GEOMETRY_OR_AXIS_GROUND_FAILED"", ""TREE_DETECTION_UNCERTAIN""]"
TREE_0065,MANUAL_REVIEW,,,,,,,-6.7159142,TD008_RESEARCH_VERTICAL_AGL_1P30_PERPENDICULAR_V1,False,False,False,False,,"[""AXIS_NOT_BRACKETED_BY_OBSERVATIONS"", ""COMPETING_OR_DISCONTINUOUS_STEM_CENTERS"", ""CONNECTED_STEM_RADIUS_UNSTABLE"", ""NOT_TESTED_GEOMETRY_OR_AXIS_GROUND_FAILED"", ""TREE_DETECTION_UNCERTAIN""]"
TREE_0066,MANUAL_REVIEW,,,,,,,-6.5035297,TD008_RESEARCH_VERTICAL_AGL_1P30_PERPENDICULAR_V1,False,False,True,False,,"[""AXIS_CENTERS_INCONSISTENT"", ""CONNECTED_STEM_RADIUS_UNSTABLE"", ""GROUND_SPATIALLY_UNSTABLE"", ""INDEPENDENT_ELLIPSE_DISAGREES"", ""MIXED_OR_NONCIRCULAR_SECTION"", ""NOT_TESTED_GEOMETRY_OR_AXIS_GROUND_FAILED""]"
TREE_0067,MANUAL_REVIEW,,,,,,,-6.6341639,TD008_RESEARCH_VERTICAL_AGL_1P30_PERPENDICULAR_V1,False,False,False,False,,"[""AXIS_CENTERS_INCONSISTENT"", ""AXIS_IDENTITY_SHIFT"", ""AXIS_MODEL_DISAGREEMENT"", ""CONTINUITY_REQUIRES_THREE_LEVELS"", ""FIT_MOVED_FROM_STEM_HYPOTHESIS"", ""INDEPENDENT_ELLIPSE_DISAGREES"", ""INSUFFICIENT_VERTICAL_CONTINUITY"", ""LOCAL_AXIS_UNCERTAINTY_TOO_HIGH"", ""MIXED_OR_NONCIRCULAR_SECTION"", ""NOT_TESTED_GEOMETRY_OR_AXIS_GROUND_FAILED"", ""OPERATIONAL_RADIUS_GUARDRAIL"", ""SECTION_RADIUS_EXCEEDS_AUTOMATIC_COHORT_GUARDRAIL"", ""TREE_DETECTION_UNCERTAIN""]"
TREE_0068,MANUAL_REVIEW,,,,,,,-6.7044545,TD008_RESEARCH_VERTICAL_AGL_1P30_PERPENDICULAR_V1,False,False,True,False,,"[""AXIS_NOT_BRACKETED_BY_OBSERVATIONS"", ""CONNECTED_STEM_RADIUS_UNSTABLE"", ""INDEPENDENT_ELLIPSE_DISAGREES"", ""MIXED_OR_NONCIRCULAR_SECTION"", ""NOT_TESTED_GEOMETRY_OR_AXIS_GROUND_FAILED""]"
TREE_0069,MANUAL_REVIEW,,,,,,,-6.7280013,TD008_RESEARCH_VERTICAL_AGL_1P30_PERPENDICULAR_V1,False,False,False,False,,"[""INDEPENDENT_ELLIPSE_DISAGREES"", ""MIXED_OR_NONCIRCULAR_SECTION"", ""NOT_TESTED_GEOMETRY_OR_AXIS_GROUND_FAILED"", ""TREE_DETECTION_UNCERTAIN""]"
TREE_0070,MANUAL_REVIEW,,,,,,,-6.4443854,TD008_RESEARCH_VERTICAL_AGL_1P30_PERPENDICULAR_V1,False,False,True,False,,"[""CONNECTED_STEM_RADIUS_UNSTABLE"", ""GROUND_SPATIALLY_UNSTABLE"", ""INDEPENDENT_ELLIPSE_DISAGREES"", ""MIXED_OR_NONCIRCULAR_SECTION"", ""NOT_TESTED_GEOMETRY_OR_AXIS_GROUND_FAILED""]"
TREE_0071,MANUAL_REVIEW,,,,,,,-6.5089485,TD008_RESEARCH_VERTICAL_AGL_1P30_PERPENDICULAR_V1,False,False,False,False,,"[""AXIS_NOT_BRACKETED_BY_OBSERVATIONS"", ""CONNECTED_STEM_RADIUS_UNSTABLE"", ""GROUND_SPATIALLY_UNSTABLE"", ""INDEPENDENT_ELLIPSE_DISAGREES"", ""MIXED_OR_NONCIRCULAR_SECTION"", ""NOT_TESTED_GEOMETRY_OR_AXIS_GROUND_FAILED"", ""TREE_DETECTION_UNCERTAIN""]"
TREE_0072,MANUAL_REVIEW,,,,,,,-6.7084815,TD008_RESEARCH_VERTICAL_AGL_1P30_PERPENDICULAR_V1,False,False,False,False,,"[""AXIS_NOT_BRACKETED_BY_OBSERVATIONS"", ""CONTINUITY_REQUIRES_THREE_LEVELS"", ""FIT_MOVED_FROM_STEM_HYPOTHESIS"", ""INCOMPLETE_ANGULAR_SUPPORT"", ""INDEPENDENT_ELLIPSE_DISAGREES"", ""INSUFFICIENT_VERTICAL_CONTINUITY"", ""LARGE_UNOBSERVED_SECTOR"", ""LOCAL_AXIS_UNCERTAINTY_TOO_HIGH"", ""MIXED_OR_NONCIRCULAR_SECTION"", ""NOT_TESTED_GEOMETRY_OR_AXIS_GROUND_FAILED"", ""OPERATIONAL_RADIUS_GUARDRAIL"", ""SECTION_RADIUS_EXCEEDS_AUTOMATIC_COHORT_GUARDRAIL""]"
TREE_0073,MANUAL_REVIEW,,,,,,,-6.7279457,TD008_RESEARCH_VERTICAL_AGL_1P30_PERPENDICULAR_V1,False,False,True,False,,"[""INDEPENDENT_ELLIPSE_DISAGREES"", ""NOT_TESTED_GEOMETRY_OR_AXIS_GROUND_FAILED""]"
TREE_0074,MANUAL_REVIEW,,,,,,,-6.7279243,TD008_RESEARCH_VERTICAL_AGL_1P30_PERPENDICULAR_V1,False,False,True,False,,"[""INDEPENDENT_ELLIPSE_DISAGREES"", ""NOT_TESTED_GEOMETRY_OR_AXIS_GROUND_FAILED""]"
TREE_0075,ALTERNATIVE_POM,8.3740906,,26.3079815,,1.8,1.797303,-6.7121643,TD008_RESEARCH_VERTICAL_AGL_1P30_PERPENDICULAR_V1,False,False,True,False,,"[""NOT_FIELD_VALIDATED"", ""PASSES_EXPERIMENTAL_GEOMETRY_GATES""]"
TREE_0076,MANUAL_REVIEW,,,,,,,-6.7089897,TD008_RESEARCH_VERTICAL_AGL_1P30_PERPENDICULAR_V1,False,False,True,False,,"[""SENSITIVITY_VARIANT_FAILS_GEOMETRY""]"
TREE_0077,MANUAL_REVIEW,,,,,,,-6.7070838,TD008_RESEARCH_VERTICAL_AGL_1P30_PERPENDICULAR_V1,False,False,True,False,,"[""CONNECTED_STEM_RADIUS_UNSTABLE"", ""HIGH_RELATIVE_RESIDUAL"", ""INDEPENDENT_ELLIPSE_DISAGREES"", ""NOT_TESTED_GEOMETRY_OR_AXIS_GROUND_FAILED""]"
TREE_0078,MANUAL_REVIEW,,,,,,,-6.7076001,TD008_RESEARCH_VERTICAL_AGL_1P30_PERPENDICULAR_V1,False,False,True,False,,"[""CONNECTED_STEM_RADIUS_UNSTABLE"", ""HIGH_RELATIVE_RESIDUAL"", ""INDEPENDENT_ELLIPSE_DISAGREES"", ""NOT_TESTED_GEOMETRY_OR_AXIS_GROUND_FAILED""]"
TREE_0079,MANUAL_REVIEW,,,,,,,-6.7035929,TD008_RESEARCH_VERTICAL_AGL_1P30_PERPENDICULAR_V1,False,False,False,False,,"[""AXIS_NOT_BRACKETED_BY_OBSERVATIONS"", ""CONTINUITY_REQUIRES_THREE_LEVELS"", ""FIT_MOVED_FROM_STEM_HYPOTHESIS"", ""INCOMPLETE_ANGULAR_SUPPORT"", ""INDEPENDENT_ELLIPSE_DISAGREES"", ""INSUFFICIENT_ARC_COVERAGE"", ""INSUFFICIENT_VERTICAL_CONTINUITY"", ""LARGE_UNOBSERVED_SECTOR"", ""NOT_TESTED_GEOMETRY_OR_AXIS_GROUND_FAILED"", ""OPERATIONALLY_EXCLUDED_TREE_ID""]"
TREE_0080,MANUAL_REVIEW,,,,,,,-6.6856903,TD008_RESEARCH_VERTICAL_AGL_1P30_PERPENDICULAR_V1,False,False,False,False,,"[""AXIS_NOT_BRACKETED_BY_OBSERVATIONS"", ""CONTINUITY_REQUIRES_THREE_LEVELS"", ""INDEPENDENT_ELLIPSE_DISAGREES"", ""INSUFFICIENT_VERTICAL_CONTINUITY"", ""MIXED_OR_NONCIRCULAR_SECTION"", ""NOT_TESTED_GEOMETRY_OR_AXIS_GROUND_FAILED"", ""TREE_DETECTION_UNCERTAIN""]"
TREE_0081,MANUAL_REVIEW,,,,,,,-6.709169,TD008_RESEARCH_VERTICAL_AGL_1P30_PERPENDICULAR_V1,False,False,True,False,,"[""AXIS_CENTERS_INCONSISTENT"", ""HIGH_RELATIVE_RESIDUAL"", ""INDEPENDENT_ELLIPSE_DISAGREES"", ""MIXED_OR_NONCIRCULAR_SECTION"", ""NOT_TESTED_GEOMETRY_OR_AXIS_GROUND_FAILED""]"
TREE_0082,MANUAL_REVIEW,,,,,,,-6.7016416,TD008_RESEARCH_VERTICAL_AGL_1P30_PERPENDICULAR_V1,False,False,True,False,,"[""AXIS_NOT_BRACKETED_BY_OBSERVATIONS"", ""CONNECTED_STEM_RADIUS_UNSTABLE"", ""NOT_TESTED_GEOMETRY_OR_AXIS_GROUND_FAILED""]"
TREE_0083,MANUAL_REVIEW,,,,,,,-6.7115849,TD008_RESEARCH_VERTICAL_AGL_1P30_PERPENDICULAR_V1,False,False,True,False,,"[""AXIS_CENTERS_INCONSISTENT"", ""HIGH_RELATIVE_RESIDUAL"", ""INDEPENDENT_ELLIPSE_DISAGREES"", ""NOT_TESTED_GEOMETRY_OR_AXIS_GROUND_FAILED""]"
TREE_0084,MANUAL_REVIEW,,,,,,,-6.6976901,TD008_RESEARCH_VERTICAL_AGL_1P30_PERPENDICULAR_V1,False,False,True,False,,"[""AXIS_NOT_BRACKETED_BY_OBSERVATIONS"", ""CONNECTED_STEM_RADIUS_UNSTABLE"", ""HIGH_RELATIVE_RESIDUAL"", ""INCOMPLETE_ANGULAR_SUPPORT"", ""INDEPENDENT_ELLIPSE_DISAGREES"", ""LARGE_UNOBSERVED_SECTOR"", ""MIXED_OR_NONCIRCULAR_SECTION"", ""NOT_TESTED_GEOMETRY_OR_AXIS_GROUND_FAILED""]"
TREE_0085,MANUAL_REVIEW,,,,,,,-6.5033486,TD008_RESEARCH_VERTICAL_AGL_1P30_PERPENDICULAR_V1,False,False,False,False,,"[""AXIS_CENTERS_INCONSISTENT"", ""CLEANER_SMALLER_UPPER_SECTION_AVAILABLE"", ""COMPETING_OR_DISCONTINUOUS_STEM_CENTERS"", ""CONNECTED_STEM_RADIUS_UNSTABLE"", ""FIT_MOVED_FROM_STEM_HYPOTHESIS"", ""INDEPENDENT_ELLIPSE_DISAGREES"", ""MIXED_OR_NONCIRCULAR_SECTION"", ""NOT_TESTED_GEOMETRY_OR_AXIS_GROUND_FAILED"", ""OPERATIONAL_RADIUS_GUARDRAIL"", ""SECTION_RADIUS_EXCEEDS_AUTOMATIC_COHORT_GUARDRAIL""]"
TREE_0086,MANUAL_REVIEW,,,,,,,-6.6891165,TD008_RESEARCH_VERTICAL_AGL_1P30_PERPENDICULAR_V1,False,False,False,False,,"[""AXIS_CENTERS_INCONSISTENT"", ""AXIS_MODEL_DISAGREEMENT"", ""CONTINUITY_REQUIRES_THREE_LEVELS"", ""ELLIPSE_TOO_NONCIRCULAR"", ""FIT_MOVED_FROM_STEM_HYPOTHESIS"", ""IDENTITY_REVIEW_FALSE_POSITIVE"", ""INCOMPLETE_ANGULAR_SUPPORT"", ""INSUFFICIENT_ARC_COVERAGE"", ""INSUFFICIENT_VERTICAL_CONTINUITY"", ""LARGE_SECTION_REQUIRES_STRONGER_ARC_COVERAGE"", ""LARGE_SECTION_REQUIRES_STRONGER_CIRCULARITY"", ""LARGE_UNOBSERVED_SECTOR"", ""LOCAL_AXIS_UNCERTAINTY_TOO_HIGH"", ""MIXED_OR_NONCIRCULAR_SECTION"", ""NOT_TESTED_GEOMETRY_OR_AXIS_GROUND_FAILED"", ""OPERATIONAL_RADIUS_GUARDRAIL"", ""SECTION_RADIUS_EXCEEDS_AUTOMATIC_COHORT_GUARDRAIL"", ""TREE_DETECTION_UNCERTAIN""]"
TREE_0087,MANUAL_REVIEW,,,,,,,-6.6863065,TD008_RESEARCH_VERTICAL_AGL_1P30_PERPENDICULAR_V1,False,False,False,False,,"[""AXIS_NOT_BRACKETED_BY_OBSERVATIONS"", ""CONTINUITY_REQUIRES_THREE_LEVELS"", ""GROUND_SHIFT_UNSUPPORTED"", ""IDENTITY_REVIEW_FALSE_POSITIVE"", ""INCOMPLETE_ANGULAR_SUPPORT"", ""INDEPENDENT_ELLIPSE_DISAGREES"", ""INSUFFICIENT_VERTICAL_CONTINUITY"", ""LARGE_SECTION_REQUIRES_STRONGER_ARC_COVERAGE"", ""LARGE_UNOBSERVED_SECTOR"", ""LOCAL_AXIS_UNCERTAINTY_TOO_HIGH"", ""MIXED_OR_NONCIRCULAR_SECTION"", ""NOT_TESTED_GEOMETRY_OR_AXIS_GROUND_FAILED"", ""OPERATIONAL_RADIUS_GUARDRAIL"", ""SECTION_RADIUS_EXCEEDS_AUTOMATIC_COHORT_GUARDRAIL""]"
TREE_0088,MANUAL_REVIEW,,,,,,,-6.6185021,TD008_RESEARCH_VERTICAL_AGL_1P30_PERPENDICULAR_V1,False,False,False,False,,"[""AXIS_NOT_BRACKETED_BY_OBSERVATIONS"", ""CONTINUITY_REQUIRES_THREE_LEVELS"", ""FIT_MOVED_FROM_STEM_HYPOTHESIS"", ""IDENTITY_REVIEW_FALSE_POSITIVE"", ""INDEPENDENT_ELLIPSE_DISAGREES"", ""INSUFFICIENT_VERTICAL_CONTINUITY"", ""LARGE_UNOBSERVED_SECTOR"", ""MIXED_OR_NONCIRCULAR_SECTION"", ""NOT_TESTED_GEOMETRY_OR_AXIS_GROUND_FAILED"", ""OPERATIONALLY_EXCLUDED_TREE_ID"", ""OPERATIONAL_RADIUS_GUARDRAIL"", ""SECTION_RADIUS_EXCEEDS_AUTOMATIC_COHORT_GUARDRAIL"", ""TREE_DETECTION_UNCERTAIN""]"
TREE_0089,MANUAL_REVIEW,,,,,,,-6.5211877,TD008_RESEARCH_VERTICAL_AGL_1P30_PERPENDICULAR_V1,False,False,False,False,,"[""AXIS_CENTERS_INCONSISTENT"", ""AXIS_IDENTITY_SHIFT"", ""AXIS_MODEL_DISAGREEMENT"", ""COMPETING_OR_DISCONTINUOUS_STEM_CENTERS"", ""FIT_MOVED_FROM_STEM_HYPOTHESIS"", ""IDENTITY_REVIEW_FALSE_POSITIVE"", ""INCOMPLETE_ANGULAR_SUPPORT"", ""INDEPENDENT_ELLIPSE_DISAGREES"", ""LOCAL_AXIS_UNCERTAINTY_TOO_HIGH"", ""MIXED_OR_NONCIRCULAR_SECTION"", ""NOT_TESTED_GEOMETRY_OR_AXIS_GROUND_FAILED"", ""OPERATIONAL_RADIUS_GUARDRAIL"", ""SECTION_RADIUS_EXCEEDS_AUTOMATIC_COHORT_GUARDRAIL"", ""TREE_DETECTION_UNCERTAIN""]"
TREE_0090,MANUAL_REVIEW,,,,,,,-6.5072969,TD008_RESEARCH_VERTICAL_AGL_1P30_PERPENDICULAR_V1,False,False,False,False,,"[""AXIS_CENTERS_INCONSISTENT"", ""AXIS_IDENTITY_SHIFT"", ""AXIS_MODEL_DISAGREEMENT"", ""CONTINUITY_REQUIRES_THREE_LEVELS"", ""FIT_MOVED_FROM_STEM_HYPOTHESIS"", ""INDEPENDENT_ELLIPSE_DISAGREES"", ""INSUFFICIENT_VERTICAL_CONTINUITY"", ""LOCAL_AXIS_UNCERTAINTY_TOO_HIGH"", ""MIXED_OR_NONCIRCULAR_SECTION"", ""NOT_TESTED_GEOMETRY_OR_AXIS_GROUND_FAILED"", ""OPERATIONALLY_EXCLUDED_TREE_ID"", ""OPERATIONAL_RADIUS_GUARDRAIL"", ""SECTION_RADIUS_EXCEEDS_AUTOMATIC_COHORT_GUARDRAIL"", ""TREE_DETECTION_UNCERTAIN""]"
TREE_0091,MANUAL_REVIEW,,,,,,,-6.7003841,TD008_RESEARCH_VERTICAL_AGL_1P30_PERPENDICULAR_V1,False,False,True,False,,"[""AXIS_CENTERS_INCONSISTENT"", ""CONNECTED_STEM_RADIUS_UNSTABLE"", ""INCOMPLETE_ANGULAR_SUPPORT"", ""INDEPENDENT_ELLIPSE_DISAGREES"", ""MIXED_OR_NONCIRCULAR_SECTION"", ""NOT_TESTED_GEOMETRY_OR_AXIS_GROUND_FAILED""]"
TREE_0092,MANUAL_REVIEW,,,,,,,-6.6718874,TD008_RESEARCH_VERTICAL_AGL_1P30_PERPENDICULAR_V1,False,False,False,False,,"[""AXIS_CENTERS_INCONSISTENT"", ""AXIS_IDENTITY_SHIFT"", ""CONTINUITY_REQUIRES_THREE_LEVELS"", ""HIGH_RELATIVE_RESIDUAL"", ""IDENTITY_REVIEW_FALSE_POSITIVE"", ""INCOMPLETE_ANGULAR_SUPPORT"", ""INDEPENDENT_ELLIPSE_DISAGREES"", ""INSUFFICIENT_VERTICAL_CONTINUITY"", ""LARGE_UNOBSERVED_SECTOR"", ""LOCAL_AXIS_UNCERTAINTY_TOO_HIGH"", ""MIXED_OR_NONCIRCULAR_SECTION"", ""NOT_TESTED_GEOMETRY_OR_AXIS_GROUND_FAILED"", ""OPERATIONALLY_EXCLUDED_TREE_ID""]"
TREE_0093,MANUAL_REVIEW,,,,,,,-6.4779894,TD008_RESEARCH_VERTICAL_AGL_1P30_PERPENDICULAR_V1,False,False,False,False,,"[""AXIS_NOT_BRACKETED_BY_OBSERVATIONS"", ""GROUND_SPATIALLY_UNSTABLE"", ""MIXED_OR_NONCIRCULAR_SECTION"", ""NOT_TESTED_GEOMETRY_OR_AXIS_GROUND_FAILED"", ""OPERATIONALLY_EXCLUDED_TREE_ID""]"
TREE_0094,MANUAL_REVIEW,,,,,,,-6.6979828,TD008_RESEARCH_VERTICAL_AGL_1P30_PERPENDICULAR_V1,False,False,True,False,,"[""CONNECTED_STEM_RADIUS_UNSTABLE"", ""HIGH_RELATIVE_RESIDUAL"", ""INCOMPLETE_ANGULAR_SUPPORT"", ""INDEPENDENT_ELLIPSE_DISAGREES"", ""LARGE_UNOBSERVED_SECTOR"", ""NOT_TESTED_GEOMETRY_OR_AXIS_GROUND_FAILED""]"
TREE_0095,MANUAL_REVIEW,,,,,,,-6.4942444,TD008_RESEARCH_VERTICAL_AGL_1P30_PERPENDICULAR_V1,False,False,True,False,,"[""AXIS_NOT_BRACKETED_BY_OBSERVATIONS"", ""INCOMPLETE_ANGULAR_SUPPORT"", ""LARGE_UNOBSERVED_SECTOR"", ""NOT_TESTED_GEOMETRY_OR_AXIS_GROUND_FAILED""]"
TREE_0096,MANUAL_REVIEW,,,,,,,-6.6670191,TD008_RESEARCH_VERTICAL_AGL_1P30_PERPENDICULAR_V1,False,False,False,False,,"[""AXIS_NOT_BRACKETED_BY_OBSERVATIONS"", ""COMPETING_OR_DISCONTINUOUS_STEM_CENTERS"", ""CONNECTED_STEM_RADIUS_UNSTABLE"", ""FIT_MOVED_FROM_STEM_HYPOTHESIS"", ""IDENTITY_REVIEW_FALSE_POSITIVE"", ""INCOMPLETE_ANGULAR_SUPPORT"", ""INDEPENDENT_ELLIPSE_DISAGREES"", ""LARGE_UNOBSERVED_SECTOR"", ""NOT_TESTED_GEOMETRY_OR_AXIS_GROUND_FAILED"", ""TREE_DETECTION_UNCERTAIN""]"
TREE_0097,MANUAL_REVIEW,,,,,,,-6.6410858,TD008_RESEARCH_VERTICAL_AGL_1P30_PERPENDICULAR_V1,False,False,True,False,,"[""CONNECTED_STEM_RADIUS_UNSTABLE""]"
TREE_0098,MANUAL_REVIEW,,,,,,,-6.6411258,TD008_RESEARCH_VERTICAL_AGL_1P30_PERPENDICULAR_V1,False,False,False,False,,"[""CONNECTED_STEM_RADIUS_UNSTABLE"", ""IDENTITY_REVIEW_DUPLICATE"", ""INDEPENDENT_ELLIPSE_DISAGREES"", ""NOT_TESTED_GEOMETRY_OR_AXIS_GROUND_FAILED""]"
TREE_0099,MANUAL_REVIEW,,,,,,,-6.6330445,TD008_RESEARCH_VERTICAL_AGL_1P30_PERPENDICULAR_V1,False,False,True,False,,"[""INDEPENDENT_ELLIPSE_DISAGREES"", ""NOT_TESTED_GEOMETRY_OR_AXIS_GROUND_FAILED""]"
TREE_0100,MANUAL_REVIEW,,,,,,,-6.6725266,TD008_RESEARCH_VERTICAL_AGL_1P30_PERPENDICULAR_V1,False,False,True,False,,"[""INCOMPLETE_ANGULAR_SUPPORT"", ""LARGE_UNOBSERVED_SECTOR"", ""NOT_TESTED_GEOMETRY_OR_AXIS_GROUND_FAILED""]"
TREE_0101,MANUAL_REVIEW,,,,,,,-6.6310513,TD008_RESEARCH_VERTICAL_AGL_1P30_PERPENDICULAR_V1,False,False,False,False,,"[""AXIS_NOT_BRACKETED_BY_OBSERVATIONS"", ""COMPETING_OR_DISCONTINUOUS_STEM_CENTERS"", ""CONNECTED_STEM_RADIUS_UNSTABLE"", ""FIT_MOVED_FROM_STEM_HYPOTHESIS"", ""INCOMPLETE_ANGULAR_SUPPORT"", ""INDEPENDENT_ELLIPSE_DISAGREES"", ""LARGE_UNOBSERVED_SECTOR"", ""MIXED_OR_NONCIRCULAR_SECTION"", ""NOT_TESTED_GEOMETRY_OR_AXIS_GROUND_FAILED"", ""TREE_DETECTION_UNCERTAIN""]"
TREE_0102,MANUAL_REVIEW,,,,,,,-6.66202,TD008_RESEARCH_VERTICAL_AGL_1P30_PERPENDICULAR_V1,False,False,True,False,,"[""AXIS_CENTERS_INCONSISTENT"", ""CONNECTED_STEM_RADIUS_UNSTABLE"", ""INCOMPLETE_ANGULAR_SUPPORT"", ""INDEPENDENT_ELLIPSE_DISAGREES"", ""LARGE_UNOBSERVED_SECTOR"", ""MIXED_OR_NONCIRCULAR_SECTION"", ""NOT_TESTED_GEOMETRY_OR_AXIS_GROUND_FAILED""]"
TREE_0103,MANUAL_REVIEW,,,,,,,-6.655011,TD008_RESEARCH_VERTICAL_AGL_1P30_PERPENDICULAR_V1,False,False,True,False,,"[""AXIS_NOT_BRACKETED_BY_OBSERVATIONS"", ""CONNECTED_STEM_RADIUS_UNSTABLE"", ""MIXED_OR_NONCIRCULAR_SECTION"", ""NOT_TESTED_GEOMETRY_OR_AXIS_GROUND_FAILED""]"
TREE_0104,MANUAL_REVIEW,,,,,,,-6.6417702,TD008_RESEARCH_VERTICAL_AGL_1P30_PERPENDICULAR_V1,False,False,True,False,,"[""AXIS_CENTERS_INCONSISTENT"", ""CONNECTED_STEM_RADIUS_UNSTABLE"", ""FIT_MOVED_FROM_STEM_HYPOTHESIS"", ""INCOMPLETE_ANGULAR_SUPPORT"", ""INDEPENDENT_ELLIPSE_DISAGREES"", ""LARGE_UNOBSERVED_SECTOR"", ""NOT_TESTED_GEOMETRY_OR_AXIS_GROUND_FAILED""]"
TREE_0105,MANUAL_REVIEW,,,,,,,-6.6638605,TD008_RESEARCH_VERTICAL_AGL_1P30_PERPENDICULAR_V1,False,False,True,False,,"[""INDEPENDENT_ELLIPSE_DISAGREES"", ""NOT_TESTED_GEOMETRY_OR_AXIS_GROUND_FAILED""]"
TREE_0106,MANUAL_REVIEW,,,,,,,-6.6610932,TD008_RESEARCH_VERTICAL_AGL_1P30_PERPENDICULAR_V1,False,False,False,False,,"[""AXIS_NOT_BRACKETED_BY_OBSERVATIONS"", ""CONTINUITY_REQUIRES_THREE_LEVELS"", ""FIT_MOVED_FROM_STEM_HYPOTHESIS"", ""INDEPENDENT_ELLIPSE_DISAGREES"", ""INSUFFICIENT_VERTICAL_CONTINUITY"", ""LOCAL_AXIS_UNCERTAINTY_TOO_HIGH"", ""MIXED_OR_NONCIRCULAR_SECTION"", ""NOT_TESTED_GEOMETRY_OR_AXIS_GROUND_FAILED"", ""OPERATIONAL_RADIUS_GUARDRAIL"", ""SECTION_RADIUS_EXCEEDS_AUTOMATIC_COHORT_GUARDRAIL"", ""TREE_DETECTION_UNCERTAIN""]"
TREE_0107,MANUAL_REVIEW,,,,,,,-6.6465153,TD008_RESEARCH_VERTICAL_AGL_1P30_PERPENDICULAR_V1,False,False,True,False,,"[""AXIS_NOT_BRACKETED_BY_OBSERVATIONS"", ""CONNECTED_STEM_RADIUS_UNSTABLE"", ""HIGH_RELATIVE_RESIDUAL"", ""INDEPENDENT_ELLIPSE_DISAGREES"", ""NOT_TESTED_GEOMETRY_OR_AXIS_GROUND_FAILED""]"
TREE_0108,MANUAL_REVIEW,,,,,,,-6.6632118,TD008_RESEARCH_VERTICAL_AGL_1P30_PERPENDICULAR_V1,False,False,True,False,,"[""AXIS_CENTERS_INCONSISTENT"", ""CONNECTED_STEM_RADIUS_UNSTABLE"", ""HIGH_RELATIVE_RESIDUAL"", ""INDEPENDENT_ELLIPSE_DISAGREES"", ""MIXED_OR_NONCIRCULAR_SECTION"", ""NOT_TESTED_GEOMETRY_OR_AXIS_GROUND_FAILED""]"
TREE_0109,MANUAL_REVIEW,,,,,,,-6.4146645,TD008_RESEARCH_VERTICAL_AGL_1P30_PERPENDICULAR_V1,False,False,False,False,,"[""AXIS_CENTERS_INCONSISTENT"", ""CONTINUITY_REQUIRES_THREE_LEVELS"", ""FIT_MOVED_FROM_STEM_HYPOTHESIS"", ""GROUND_SPATIALLY_UNSTABLE"", ""INDEPENDENT_ELLIPSE_DISAGREES"", ""INSUFFICIENT_VERTICAL_CONTINUITY"", ""LARGE_UNOBSERVED_SECTOR"", ""MIXED_OR_NONCIRCULAR_SECTION"", ""NOT_TESTED_GEOMETRY_OR_AXIS_GROUND_FAILED"", ""OPERATIONAL_RADIUS_GUARDRAIL"", ""SECTION_RADIUS_EXCEEDS_AUTOMATIC_COHORT_GUARDRAIL"", ""TREE_DETECTION_UNCERTAIN""]"
TREE_0110,MANUAL_REVIEW,,,,,,,-6.6551291,TD008_RESEARCH_VERTICAL_AGL_1P30_PERPENDICULAR_V1,False,False,True,False,,"[""AXIS_NOT_BRACKETED_BY_OBSERVATIONS"", ""COMPETING_OR_DISCONTINUOUS_STEM_CENTERS"", ""CONNECTED_STEM_RADIUS_UNSTABLE"", ""HIGH_RELATIVE_RESIDUAL"", ""INDEPENDENT_ELLIPSE_DISAGREES"", ""MIXED_OR_NONCIRCULAR_SECTION"", ""NOT_TESTED_GEOMETRY_OR_AXIS_GROUND_FAILED""]"
TREE_0111,MANUAL_REVIEW,,,,,,,-6.3470415,TD008_RESEARCH_VERTICAL_AGL_1P30_PERPENDICULAR_V1,False,False,False,False,,"[""AXIS_NOT_BRACKETED_BY_OBSERVATIONS"", ""COMPETING_OR_DISCONTINUOUS_STEM_CENTERS"", ""CONNECTED_STEM_RADIUS_UNSTABLE"", ""FIT_MOVED_FROM_STEM_HYPOTHESIS"", ""GROUND_SPATIALLY_UNSTABLE"", ""MIXED_OR_NONCIRCULAR_SECTION"", ""NOT_TESTED_GEOMETRY_OR_AXIS_GROUND_FAILED"", ""OPERATIONAL_RADIUS_GUARDRAIL"", ""SECTION_RADIUS_EXCEEDS_AUTOMATIC_COHORT_GUARDRAIL""]"
TREE_0112,MANUAL_REVIEW,,,,,,,-6.6698425,TD008_RESEARCH_VERTICAL_AGL_1P30_PERPENDICULAR_V1,False,False,True,False,,"[""CONNECTED_STEM_RADIUS_UNSTABLE"", ""INCOMPLETE_ANGULAR_SUPPORT"", ""INDEPENDENT_ELLIPSE_DISAGREES"", ""LARGE_UNOBSERVED_SECTOR"", ""MIXED_OR_NONCIRCULAR_SECTION"", ""NOT_TESTED_GEOMETRY_OR_AXIS_GROUND_FAILED""]"
TREE_0113,MANUAL_REVIEW,,,,,,,-6.5356837,TD008_RESEARCH_VERTICAL_AGL_1P30_PERPENDICULAR_V1,False,False,True,False,,"[""CONNECTED_STEM_RADIUS_UNSTABLE"", ""GROUND_SPATIALLY_UNSTABLE"", ""INCOMPLETE_ANGULAR_SUPPORT"", ""INDEPENDENT_ELLIPSE_DISAGREES"", ""LARGE_UNOBSERVED_SECTOR"", ""MIXED_OR_NONCIRCULAR_SECTION"", ""NOT_TESTED_GEOMETRY_OR_AXIS_GROUND_FAILED""]"
TREE_0114,MANUAL_REVIEW,,,,,,,-6.6741156,TD008_RESEARCH_VERTICAL_AGL_1P30_PERPENDICULAR_V1,False,False,False,False,,"[""AXIS_CENTERS_INCONSISTENT"", ""AXIS_IDENTITY_SHIFT"", ""AXIS_MODEL_DISAGREEMENT"", ""CONTINUITY_REQUIRES_THREE_LEVELS"", ""FIT_MOVED_FROM_STEM_HYPOTHESIS"", ""INCOMPLETE_ANGULAR_SUPPORT"", ""INDEPENDENT_ELLIPSE_DISAGREES"", ""INSUFFICIENT_VERTICAL_CONTINUITY"", ""LARGE_UNOBSERVED_SECTOR"", ""LOCAL_AXIS_UNCERTAINTY_TOO_HIGH"", ""MIXED_OR_NONCIRCULAR_SECTION"", ""NOT_TESTED_GEOMETRY_OR_AXIS_GROUND_FAILED""]"
TREE_0115,MANUAL_REVIEW,,,,,,,-6.6503979,TD008_RESEARCH_VERTICAL_AGL_1P30_PERPENDICULAR_V1,False,False,False,False,,"[""AXIS_CENTERS_INCONSISTENT"", ""AXIS_MODEL_DISAGREEMENT"", ""CONTINUITY_REQUIRES_THREE_LEVELS"", ""FIT_MOVED_FROM_STEM_HYPOTHESIS"", ""INCOMPLETE_ANGULAR_SUPPORT"", ""INDEPENDENT_ELLIPSE_DISAGREES"", ""INSUFFICIENT_VERTICAL_CONTINUITY"", ""LARGE_UNOBSERVED_SECTOR"", ""LOCAL_AXIS_UNCERTAINTY_TOO_HIGH"", ""MIXED_OR_NONCIRCULAR_SECTION"", ""NOT_TESTED_GEOMETRY_OR_AXIS_GROUND_FAILED"", ""OPERATIONAL_RADIUS_GUARDRAIL"", ""SECTION_RADIUS_EXCEEDS_AUTOMATIC_COHORT_GUARDRAIL"", ""TREE_DETECTION_UNCERTAIN""]"
TREE_0116,MANUAL_REVIEW,,,,,,,-6.6325453,TD008_RESEARCH_VERTICAL_AGL_1P30_PERPENDICULAR_V1,False,False,False,False,,"[""AXIS_CENTERS_INCONSISTENT"", ""AXIS_IDENTITY_SHIFT"", ""CONTINUITY_REQUIRES_THREE_LEVELS"", ""FIT_MOVED_FROM_STEM_HYPOTHESIS"", ""INCOMPLETE_ANGULAR_SUPPORT"", ""INDEPENDENT_ELLIPSE_DISAGREES"", ""INSUFFICIENT_VERTICAL_CONTINUITY"", ""LARGE_SECTION_REQUIRES_STRONGER_ARC_COVERAGE"", ""LARGE_UNOBSERVED_SECTOR"", ""LOCAL_AXIS_UNCERTAINTY_TOO_HIGH"", ""MIXED_OR_NONCIRCULAR_SECTION"", ""NOT_TESTED_GEOMETRY_OR_AXIS_GROUND_FAILED"", ""OPERATIONAL_RADIUS_GUARDRAIL"", ""SECTION_RADIUS_EXCEEDS_AUTOMATIC_COHORT_GUARDRAIL"", ""TREE_DETECTION_UNCERTAIN""]"
TREE_0117,MANUAL_REVIEW,,,,,,,-6.628449,TD008_RESEARCH_VERTICAL_AGL_1P30_PERPENDICULAR_V1,False,False,True,False,,"[""CONNECTED_STEM_RADIUS_UNSTABLE"", ""INCOMPLETE_ANGULAR_SUPPORT"", ""NOT_TESTED_GEOMETRY_OR_AXIS_GROUND_FAILED""]"
TREE_0118,MANUAL_REVIEW,,,,,,,-6.2205612,TD008_RESEARCH_VERTICAL_AGL_1P30_PERPENDICULAR_V1,False,False,False,False,,"[""AXIS_NOT_BRACKETED_BY_OBSERVATIONS"", ""CONTINUITY_REQUIRES_THREE_LEVELS"", ""FIT_MOVED_FROM_STEM_HYPOTHESIS"", ""GROUND_SPATIALLY_UNSTABLE"", ""INCOMPLETE_ANGULAR_SUPPORT"", ""INSUFFICIENT_VERTICAL_CONTINUITY"", ""LARGE_SECTION_REQUIRES_STRONGER_ARC_COVERAGE"", ""MIXED_OR_NONCIRCULAR_SECTION"", ""NOT_TESTED_GEOMETRY_OR_AXIS_GROUND_FAILED"", ""OPERATIONAL_RADIUS_GUARDRAIL"", ""SECTION_RADIUS_EXCEEDS_AUTOMATIC_COHORT_GUARDRAIL"", ""TREE_DETECTION_UNCERTAIN""]"
