tree_id,human_decision,human_note,human_pom_m,human_diameter_cm,included_by_reviewer,learned_keep_score,prediction_source,suggestion,measurement_status,measurement_diameter_cm,measurement_pom_m,suggested_pom_m,diagnostic_diameter_cm,diagnostic_failures,refit_url,field_verified,eligible_for_automatic_biomass
TREE_0001,REJECT,,,,False,0.044626,SPATIALLY_HELD_OUT,REJECT,MANUAL_REVIEW,,,,,[],,False,False
TREE_0002,REJECT,,,,False,0.060102,SPATIALLY_HELD_OUT,REJECT,MANUAL_REVIEW,,,,,[],,False,False
TREE_0003,REJECT,,,,False,0.014164,SPATIALLY_HELD_OUT,REJECT,MANUAL_REVIEW,,,,,[],,False,False
TREE_0004,KEEP,,,,True,0.913175,SPATIALLY_HELD_OUT,KEEP,MANUAL_REVIEW,,,1.9,7.418933,"[""AXIS_NOT_BRACKETED_BY_OBSERVATIONS"", ""NOT_TESTED_GEOMETRY_OR_AXIS_GROUND_FAILED""]",,False,False
TREE_0005,REJECT,,,,False,0.031221,SPATIALLY_HELD_OUT,REJECT,MANUAL_REVIEW,,,,,[],,False,False
TREE_0006,REJECT,,,,False,0.089156,SPATIALLY_HELD_OUT,REJECT,MANUAL_REVIEW,,,,,[],,False,False
TREE_0007,REJECT,,,,False,0.03637,SPATIALLY_HELD_OUT,REJECT,MANUAL_REVIEW,,,,,[],,False,False
TREE_0008,KEEP,,,,True,0.716415,SPATIALLY_HELD_OUT,KEEP,MANUAL_REVIEW,,,1.9,8.1269288,"[""AXIS_NOT_BRACKETED_BY_OBSERVATIONS"", ""INDEPENDENT_ELLIPSE_DISAGREES"", ""NOT_TESTED_GEOMETRY_OR_AXIS_GROUND_FAILED""]",,False,False
TREE_0009,EDIT,ตรงนี้มันราก จงเลื่อนขึ้นรไปข้างบน สูงขึ้นสัก 2.5 เมตร,2.5,,True,0.633449,UNLABELLED_FOR_BINARY_MODEL,KEEP,MANUAL_REVIEW,,,2.5,40.5364787,"[""AXIS_NOT_BRACKETED_BY_OBSERVATIONS"", ""COMPETING_OR_DISCONTINUOUS_STEM_CENTERS"", ""CONNECTED_STEM_RADIUS_UNSTABLE"", ""FIT_MOVED_FROM_STEM_HYPOTHESIS"", ""INCOMPLETE_ANGULAR_SUPPORT"", ""INDEPENDENT_ELLIPSE_DISAGREES"", ""LARGE_UNOBSERVED_SECTOR"", ""MIXED_OR_NONCIRCULAR_SECTION"", ""OPERATIONAL_RADIUS_GUARDRAIL"", ""STABILITY_NOT_TESTED""]",data/learning/refits/TREE_0009.json,False,False
TREE_0010,KEEP,,,,True,0.876788,SPATIALLY_HELD_OUT,KEEP,MANUAL_REVIEW,,,2.6,11.5379701,"[""SENSITIVITY_VARIANT_FAILS_GEOMETRY""]",,False,False
TREE_0011,KEEP,,,,True,0.803164,SPATIALLY_HELD_OUT,KEEP,MANUAL_REVIEW,,,1.9,8.1259544,"[""AXIS_NOT_BRACKETED_BY_OBSERVATIONS"", ""INDEPENDENT_ELLIPSE_DISAGREES"", ""NOT_TESTED_GEOMETRY_OR_AXIS_GROUND_FAILED""]",,False,False
TREE_0012,REJECT,,,,False,0.031965,SPATIALLY_HELD_OUT,REJECT,MANUAL_REVIEW,,,,,[],,False,False
TREE_0013,REJECT,,,,False,0.528796,SPATIALLY_HELD_OUT,KEEP,MANUAL_REVIEW,,,,,[],,False,False
TREE_0014,KEEP,เอาต้นนี้นะ แล้ววัดมาด้วยดิ มันวัด dbh ได้,,,True,0.818606,SPATIALLY_HELD_OUT,KEEP,MANUAL_REVIEW,,,1.3,7.5014551,"[""HIGH_RELATIVE_RESIDUAL"", ""INDEPENDENT_ELLIPSE_DISAGREES"", ""MIXED_OR_NONCIRCULAR_SECTION"", ""STABILITY_NOT_TESTED"", ""TREE_DETECTION_UNCERTAIN""]",data/learning/refits/TREE_0014.json,False,False
TREE_0015,REJECT,,,,False,0.019316,SPATIALLY_HELD_OUT,REJECT,MANUAL_REVIEW,,,,,[],,False,False
TREE_0016,REJECT,,,,False,0.056879,SPATIALLY_HELD_OUT,REJECT,MANUAL_REVIEW,,,,,[],,False,False
TREE_0017,KEEP,,,,True,0.83851,SPATIALLY_HELD_OUT,KEEP,MANUAL_REVIEW,,,2.6,15.268817,"[""CONNECTED_STEM_RADIUS_UNSTABLE"", ""INDEPENDENT_ELLIPSE_DISAGREES"", ""MIXED_OR_NONCIRCULAR_SECTION"", ""NOT_TESTED_GEOMETRY_OR_AXIS_GROUND_FAILED""]",,False,False
TREE_0018,KEEP,,,,True,0.894341,SPATIALLY_HELD_OUT,KEEP,MANUAL_REVIEW,,,3.5,17.3756034,"[""GROUND_SPATIALLY_UNSTABLE"", ""MIXED_OR_NONCIRCULAR_SECTION"", ""NOT_TESTED_GEOMETRY_OR_AXIS_GROUND_FAILED""]",,False,False
TREE_0019,REJECT,,,,False,0.03617,SPATIALLY_HELD_OUT,REJECT,MANUAL_REVIEW,,,,,[],,False,False
TREE_0020,REJECT,,,,False,0.035952,SPATIALLY_HELD_OUT,REJECT,MANUAL_REVIEW,,,,,[],,False,False
TREE_0021,REJECT,,,,False,0.14719,SPATIALLY_HELD_OUT,REJECT,MANUAL_REVIEW,,,,,[],,False,False
TREE_0022,KEEP,,,,True,0.809311,SPATIALLY_HELD_OUT,KEEP,MANUAL_REVIEW,,,1.8,7.9215119,"[""AXIS_CENTERS_INCONSISTENT"", ""CONNECTED_STEM_RADIUS_UNSTABLE"", ""INDEPENDENT_ELLIPSE_DISAGREES"", ""NOT_TESTED_GEOMETRY_OR_AXIS_GROUND_FAILED""]",,False,False
TREE_0023,KEEP,,,,True,0.461363,SPATIALLY_HELD_OUT,REJECT,MANUAL_REVIEW,,,1.5,6.6351306,"[""AXIS_CENTERS_INCONSISTENT"", ""CONTINUITY_REQUIRES_THREE_LEVELS"", ""NOT_TESTED_GEOMETRY_OR_AXIS_GROUND_FAILED""]",,False,False
TREE_0024,REJECT,,,,False,0.08638,SPATIALLY_HELD_OUT,REJECT,MANUAL_REVIEW,,,,,[],,False,False
TREE_0025,REJECT,,,,False,0.051906,SPATIALLY_HELD_OUT,REJECT,MANUAL_REVIEW,,,,,[],,False,False
TREE_0026,KEEP,,,,True,0.880058,SPATIALLY_HELD_OUT,KEEP,MANUAL_REVIEW,,,2.8,10.2505432,"[""CONTINUITY_REQUIRES_THREE_LEVELS"", ""GROUND_SPATIALLY_UNSTABLE"", ""INDEPENDENT_ELLIPSE_DISAGREES"", ""MIXED_OR_NONCIRCULAR_SECTION"", ""NOT_TESTED_GEOMETRY_OR_AXIS_GROUND_FAILED""]",,False,False
TREE_0027,KEEP,,,,True,0.601,SPATIALLY_HELD_OUT,KEEP,MANUAL_REVIEW,,,2.0,21.6221373,"[""AXIS_CENTERS_INCONSISTENT"", ""GROUND_SPATIALLY_UNSTABLE"", ""INDEPENDENT_ELLIPSE_DISAGREES"", ""MIXED_OR_NONCIRCULAR_SECTION"", ""NOT_TESTED_GEOMETRY_OR_AXIS_GROUND_FAILED"", ""TREE_DETECTION_UNCERTAIN""]",,False,False
TREE_0028,KEEP,,,,True,0.860138,SPATIALLY_HELD_OUT,KEEP,MANUAL_REVIEW,,,2.3,10.0523719,"[""INCOMPLETE_ANGULAR_SUPPORT"", ""INDEPENDENT_ELLIPSE_DISAGREES"", ""LARGE_UNOBSERVED_SECTOR"", ""NOT_TESTED_GEOMETRY_OR_AXIS_GROUND_FAILED""]",,False,False
TREE_0029,KEEP,,,,True,0.871049,SPATIALLY_HELD_OUT,KEEP,MANUAL_REVIEW,,,3.0,17.0974417,"[""CONNECTED_STEM_RADIUS_UNSTABLE"", ""MIXED_OR_NONCIRCULAR_SECTION"", ""NOT_TESTED_GEOMETRY_OR_AXIS_GROUND_FAILED"", ""TREE_DETECTION_UNCERTAIN""]",,False,False
TREE_0030,KEEP,,,,True,0.919252,SPATIALLY_HELD_OUT,KEEP,MANUAL_REVIEW,,,2.0,17.2640547,"[""AXIS_NOT_BRACKETED_BY_OBSERVATIONS"", ""GROUND_SPATIALLY_UNSTABLE"", ""NOT_TESTED_GEOMETRY_OR_AXIS_GROUND_FAILED""]",,False,False
TREE_0031,KEEP,,,,True,0.864798,SPATIALLY_HELD_OUT,KEEP,MANUAL_REVIEW,,,2.1,8.890644,"[""AXIS_CENTERS_INCONSISTENT"", ""CONTINUITY_REQUIRES_THREE_LEVELS"", ""INDEPENDENT_ELLIPSE_DISAGREES"", ""NOT_TESTED_GEOMETRY_OR_AXIS_GROUND_FAILED""]",,False,False
TREE_0032,EDIT,มันก็ไม่ได้มีรากนี่หว่า ทำซะสูงเลย,1.5,,True,0.980159,UNLABELLED_FOR_BINARY_MODEL,KEEP,MANUAL_REVIEW,,,1.5,,"[""AXIS_CENTERS_INCONSISTENT"", ""AXIS_IDENTITY_SHIFT"", ""AXIS_MODEL_DISAGREEMENT"", ""CONTINUITY_REQUIRES_THREE_LEVELS"", ""NO_STABLE_CIRCLE"", ""STABILITY_NOT_TESTED""]",data/learning/refits/TREE_0032.json,False,False
TREE_0033,KEEP,,,,True,0.813951,SPATIALLY_HELD_OUT,KEEP,MANUAL_REVIEW,,,2.6,15.5730782,"[""GROUND_SPATIALLY_UNSTABLE"", ""INDEPENDENT_ELLIPSE_DISAGREES"", ""MIXED_OR_NONCIRCULAR_SECTION"", ""NOT_TESTED_GEOMETRY_OR_AXIS_GROUND_FAILED""]",,False,False
TREE_0034,REJECT,,,,False,0.101122,SPATIALLY_HELD_OUT,REJECT,MANUAL_REVIEW,,,,,[],,False,False
TREE_0035,KEEP,,,,True,0.932987,SPATIALLY_HELD_OUT,KEEP,MANUAL_REVIEW,,,2.5,15.948929,"[""INCOMPLETE_ANGULAR_SUPPORT"", ""LARGE_UNOBSERVED_SECTOR"", ""NOT_TESTED_GEOMETRY_OR_AXIS_GROUND_FAILED""]",,False,False
TREE_0036,REJECT,,,,False,0.026769,SPATIALLY_HELD_OUT,REJECT,MANUAL_REVIEW,,,,,[],,False,False
TREE_0037,KEEP,,1.3,7.2197471,True,0.973022,SPATIALLY_HELD_OUT,KEEP,STANDARD_DBH,7.2197471,1.3,1.3,7.2197471,[],,False,False
TREE_0038,REJECT,,,,False,0.019057,SPATIALLY_HELD_OUT,REJECT,MANUAL_REVIEW,,,,,[],,False,False
TREE_0039,KEEP,,,,True,0.890461,SPATIALLY_HELD_OUT,KEEP,MANUAL_REVIEW,,,1.5,10.6934625,"[""INDEPENDENT_ELLIPSE_DISAGREES"", ""NOT_TESTED_GEOMETRY_OR_AXIS_GROUND_FAILED""]",,False,False
TREE_0040,KEEP,,,,True,0.96401,SPATIALLY_HELD_OUT,KEEP,MANUAL_REVIEW,,,2.0,5.9954368,"[""CONNECTED_STEM_RADIUS_UNSTABLE"", ""HIGH_RELATIVE_RESIDUAL"", ""NOT_TESTED_GEOMETRY_OR_AXIS_GROUND_FAILED""]",,False,False
TREE_0041,KEEP,,,,True,0.943614,SPATIALLY_HELD_OUT,KEEP,MANUAL_REVIEW,,,1.3,7.134273,"[""CONNECTED_STEM_RADIUS_UNSTABLE"", ""HIGH_RELATIVE_RESIDUAL"", ""NOT_TESTED_GEOMETRY_OR_AXIS_GROUND_FAILED""]",,False,False
TREE_0042,KEEP,,,,True,0.748931,SPATIALLY_HELD_OUT,KEEP,MANUAL_REVIEW,,,3.0,8.5599146,"[""AXIS_CENTERS_INCONSISTENT"", ""CONTINUITY_REQUIRES_THREE_LEVELS"", ""INCOMPLETE_ANGULAR_SUPPORT"", ""LARGE_UNOBSERVED_SECTOR"", ""MIXED_OR_NONCIRCULAR_SECTION"", ""NOT_TESTED_GEOMETRY_OR_AXIS_GROUND_FAILED"", ""TREE_DETECTION_UNCERTAIN""]",,False,False
TREE_0043,KEEP,,,,True,0.604611,SPATIALLY_HELD_OUT,KEEP,MANUAL_REVIEW,,,3.6,10.9903498,"[""AXIS_CENTERS_INCONSISTENT"", ""CONNECTED_STEM_RADIUS_UNSTABLE"", ""INCOMPLETE_ANGULAR_SUPPORT"", ""LARGE_UNOBSERVED_SECTOR"", ""NOT_TESTED_GEOMETRY_OR_AXIS_GROUND_FAILED""]",,False,False
TREE_0044,KEEP,,1.7,12.391604,True,0.967504,SPATIALLY_HELD_OUT,KEEP,ALTERNATIVE_POM,12.391604,1.7,1.7,12.391604,[],,False,False
TREE_0045,REJECT,,,,False,0.302886,SPATIALLY_HELD_OUT,REJECT,MANUAL_REVIEW,,,,,[],,False,False
TREE_0046,KEEP,,,,True,0.912413,SPATIALLY_HELD_OUT,KEEP,MANUAL_REVIEW,,,1.6,7.8592318,"[""AXIS_NOT_BRACKETED_BY_OBSERVATIONS"", ""NOT_TESTED_GEOMETRY_OR_AXIS_GROUND_FAILED""]",,False,False
TREE_0047,REJECT,,,,False,0.051961,SPATIALLY_HELD_OUT,REJECT,MANUAL_REVIEW,,,,,[],,False,False
TREE_0048,REJECT,,,,False,0.631656,SPATIALLY_HELD_OUT,KEEP,MANUAL_REVIEW,,,,,[],,False,False
TREE_0049,KEEP,,,,True,0.960687,SPATIALLY_HELD_OUT,KEEP,MANUAL_REVIEW,,,1.7,3.9897106,"[""CONNECTED_STEM_RADIUS_UNSTABLE"", ""HIGH_RELATIVE_RESIDUAL"", ""INDEPENDENT_ELLIPSE_DISAGREES"", ""NOT_TESTED_GEOMETRY_OR_AXIS_GROUND_FAILED""]",,False,False
TREE_0050,KEEP,,,,True,0.986686,SPATIALLY_HELD_OUT,KEEP,MANUAL_REVIEW,,,1.7,5.3858473,"[""HIGH_RELATIVE_RESIDUAL"", ""NOT_TESTED_GEOMETRY_OR_AXIS_GROUND_FAILED""]",,False,False
TREE_0051,KEEP,,2.6,19.554201,True,0.903286,SPATIALLY_HELD_OUT,KEEP,ALTERNATIVE_POM,19.554201,2.6,2.6,19.554201,[],,False,False
TREE_0052,KEEP,,,,True,0.84482,SPATIALLY_HELD_OUT,KEEP,MANUAL_REVIEW,,,3.5,5.2386944,"[""AXIS_NOT_BRACKETED_BY_OBSERVATIONS"", ""CONNECTED_STEM_RADIUS_UNSTABLE"", ""HIGH_RELATIVE_RESIDUAL"", ""INDEPENDENT_ELLIPSE_DISAGREES"", ""NOT_TESTED_GEOMETRY_OR_AXIS_GROUND_FAILED""]",,False,False
TREE_0053,REJECT,,,,False,0.373166,SPATIALLY_HELD_OUT,REJECT,MANUAL_REVIEW,,,,,[],,False,False
TREE_0054,REJECT,,,,False,0.870608,SPATIALLY_HELD_OUT,KEEP,MANUAL_REVIEW,,,,,[],,False,False
TREE_0055,KEEP,,,,True,0.810545,SPATIALLY_HELD_OUT,KEEP,MANUAL_REVIEW,,,1.7,10.4457543,"[""AXIS_CENTERS_INCONSISTENT"", ""GROUND_SPATIALLY_UNSTABLE"", ""INDEPENDENT_ELLIPSE_DISAGREES"", ""NOT_TESTED_GEOMETRY_OR_AXIS_GROUND_FAILED""]",,False,False
TREE_0056,REJECT,,,,False,0.240603,SPATIALLY_HELD_OUT,REJECT,MANUAL_REVIEW,,,,,[],,False,False
TREE_0057,REJECT,,,,False,0.082581,SPATIALLY_HELD_OUT,REJECT,MANUAL_REVIEW,,,,,[],,False,False
TREE_0058,REJECT,,,,False,0.139468,SPATIALLY_HELD_OUT,REJECT,MANUAL_REVIEW,,,,,[],,False,False
TREE_0059,REJECT,,,,False,0.031567,SPATIALLY_HELD_OUT,REJECT,MANUAL_REVIEW,,,,,[],,False,False
TREE_0060,REJECT,,,,False,0.035532,SPATIALLY_HELD_OUT,REJECT,MANUAL_REVIEW,,,,,[],,False,False
TREE_0061,KEEP,,,,True,0.959022,SPATIALLY_HELD_OUT,KEEP,MANUAL_REVIEW,,,1.4,9.0310414,"[""CONNECTED_STEM_RADIUS_UNSTABLE"", ""INDEPENDENT_ELLIPSE_DISAGREES"", ""NOT_TESTED_GEOMETRY_OR_AXIS_GROUND_FAILED"", ""TREE_DETECTION_UNCERTAIN""]",,False,False
TREE_0062,KEEP,,,,True,0.272733,SPATIALLY_HELD_OUT,REJECT,MANUAL_REVIEW,,,1.7,17.7759961,"[""AXIS_CENTERS_INCONSISTENT"", ""CONTINUITY_REQUIRES_THREE_LEVELS"", ""FIT_MOVED_FROM_STEM_HYPOTHESIS"", ""INCOMPLETE_ANGULAR_SUPPORT"", ""INDEPENDENT_ELLIPSE_DISAGREES"", ""LARGE_UNOBSERVED_SECTOR"", ""NOT_TESTED_GEOMETRY_OR_AXIS_GROUND_FAILED""]",,False,False
TREE_0063,REJECT,,,,False,0.198055,SPATIALLY_HELD_OUT,REJECT,MANUAL_REVIEW,,,,,[],,False,False
TREE_0064,KEEP,,,,True,0.845875,SPATIALLY_HELD_OUT,KEEP,MANUAL_REVIEW,,,2.0,15.5671345,"[""AXIS_NOT_BRACKETED_BY_OBSERVATIONS"", ""CONTINUITY_REQUIRES_THREE_LEVELS"", ""GROUND_SPATIALLY_UNSTABLE"", ""NOT_TESTED_GEOMETRY_OR_AXIS_GROUND_FAILED"", ""TREE_DETECTION_UNCERTAIN""]",,False,False
TREE_0065,KEEP,,,,True,0.935236,SPATIALLY_HELD_OUT,KEEP,MANUAL_REVIEW,,,2.1,8.1746011,"[""AXIS_NOT_BRACKETED_BY_OBSERVATIONS"", ""COMPETING_OR_DISCONTINUOUS_STEM_CENTERS"", ""CONNECTED_STEM_RADIUS_UNSTABLE"", ""NOT_TESTED_GEOMETRY_OR_AXIS_GROUND_FAILED"", ""TREE_DETECTION_UNCERTAIN""]",,False,False
TREE_0066,KEEP,,,,True,0.695525,SPATIALLY_HELD_OUT,KEEP,MANUAL_REVIEW,,,2.4,17.9959598,"[""AXIS_CENTERS_INCONSISTENT"", ""CONNECTED_STEM_RADIUS_UNSTABLE"", ""FIT_MOVED_FROM_STEM_HYPOTHESIS"", ""GROUND_SPATIALLY_UNSTABLE"", ""NOT_TESTED_GEOMETRY_OR_AXIS_GROUND_FAILED""]",,False,False
TREE_0067,REJECT,,,,False,0.100644,SPATIALLY_HELD_OUT,REJECT,MANUAL_REVIEW,,,,,[],,False,False
TREE_0068,KEEP,,,,True,0.939666,SPATIALLY_HELD_OUT,KEEP,MANUAL_REVIEW,,,1.5,9.0093972,"[""AXIS_NOT_BRACKETED_BY_OBSERVATIONS"", ""INDEPENDENT_ELLIPSE_DISAGREES"", ""MIXED_OR_NONCIRCULAR_SECTION"", ""NOT_TESTED_GEOMETRY_OR_AXIS_GROUND_FAILED""]",,False,False
TREE_0069,KEEP,,,,True,0.903791,SPATIALLY_HELD_OUT,KEEP,MANUAL_REVIEW,,,2.0,8.6677468,"[""MIXED_OR_NONCIRCULAR_SECTION"", ""NOT_TESTED_GEOMETRY_OR_AXIS_GROUND_FAILED"", ""TREE_DETECTION_UNCERTAIN""]",,False,False
TREE_0070,KEEP,,,,True,0.898335,SPATIALLY_HELD_OUT,KEEP,MANUAL_REVIEW,,,2.8,21.8670343,"[""GROUND_SPATIALLY_UNSTABLE"", ""MIXED_OR_NONCIRCULAR_SECTION"", ""NOT_TESTED_GEOMETRY_OR_AXIS_GROUND_FAILED""]",,False,False
TREE_0071,KEEP,,,,True,0.838681,SPATIALLY_HELD_OUT,KEEP,MANUAL_REVIEW,,,3.2,11.341668,"[""AXIS_CENTERS_INCONSISTENT"", ""CONNECTED_STEM_RADIUS_UNSTABLE"", ""GROUND_SPATIALLY_UNSTABLE"", ""MIXED_OR_NONCIRCULAR_SECTION"", ""NOT_TESTED_GEOMETRY_OR_AXIS_GROUND_FAILED"", ""TREE_DETECTION_UNCERTAIN""]",,False,False
TREE_0072,REJECT,,,,False,0.073216,SPATIALLY_HELD_OUT,REJECT,MANUAL_REVIEW,,,,,[],,False,False
TREE_0073,KEEP,,,,True,0.902472,SPATIALLY_HELD_OUT,KEEP,MANUAL_REVIEW,,,1.3,7.9752585,"[""INDEPENDENT_ELLIPSE_DISAGREES"", ""NOT_TESTED_GEOMETRY_OR_AXIS_GROUND_FAILED""]",,False,False
TREE_0074,KEEP,,,,True,0.896127,SPATIALLY_HELD_OUT,KEEP,MANUAL_REVIEW,,,1.3,7.9605415,"[""INDEPENDENT_ELLIPSE_DISAGREES"", ""NOT_TESTED_GEOMETRY_OR_AXIS_GROUND_FAILED""]",,False,False
TREE_0075,KEEP,,1.8,8.3740906,True,0.972922,SPATIALLY_HELD_OUT,KEEP,ALTERNATIVE_POM,8.3740906,1.8,1.8,8.3740906,[],,False,False
TREE_0076,KEEP,,,,True,0.966876,SPATIALLY_HELD_OUT,KEEP,MANUAL_REVIEW,,,1.3,8.241753,"[""SENSITIVITY_VARIANT_FAILS_GEOMETRY""]",,False,False
TREE_0077,KEEP,,,,True,0.936109,SPATIALLY_HELD_OUT,KEEP,MANUAL_REVIEW,,,2.8,6.9196364,"[""CONNECTED_STEM_RADIUS_UNSTABLE"", ""HIGH_RELATIVE_RESIDUAL"", ""INDEPENDENT_ELLIPSE_DISAGREES"", ""NOT_TESTED_GEOMETRY_OR_AXIS_GROUND_FAILED""]",,False,False
TREE_0078,KEEP,,,,True,0.956425,SPATIALLY_HELD_OUT,KEEP,MANUAL_REVIEW,,,2.8,6.904538,"[""CONNECTED_STEM_RADIUS_UNSTABLE"", ""HIGH_RELATIVE_RESIDUAL"", ""INDEPENDENT_ELLIPSE_DISAGREES"", ""NOT_TESTED_GEOMETRY_OR_AXIS_GROUND_FAILED""]",,False,False
TREE_0079,REJECT,,,,False,0.257929,SPATIALLY_HELD_OUT,REJECT,MANUAL_REVIEW,,,,,[],,False,False
TREE_0080,REJECT,,,,False,0.457011,SPATIALLY_HELD_OUT,REJECT,MANUAL_REVIEW,,,,,[],,False,False
TREE_0081,KEEP,,,,True,0.960687,SPATIALLY_HELD_OUT,KEEP,MANUAL_REVIEW,,,1.7,8.4630566,"[""INDEPENDENT_ELLIPSE_DISAGREES"", ""NOT_TESTED_GEOMETRY_OR_AXIS_GROUND_FAILED""]",,False,False
TREE_0082,KEEP,,,,True,0.961556,SPATIALLY_HELD_OUT,KEEP,MANUAL_REVIEW,,,2.4,7.2352362,"[""SENSITIVITY_VARIANT_FAILS_GEOMETRY""]",,False,False
TREE_0083,KEEP,,,,True,0.969115,SPATIALLY_HELD_OUT,KEEP,MANUAL_REVIEW,,,1.7,8.4519926,"[""INDEPENDENT_ELLIPSE_DISAGREES"", ""NOT_TESTED_GEOMETRY_OR_AXIS_GROUND_FAILED""]",,False,False
TREE_0084,KEEP,,,,True,0.599684,SPATIALLY_HELD_OUT,KEEP,MANUAL_REVIEW,,,3.2,4.9712572,"[""AXIS_NOT_BRACKETED_BY_OBSERVATIONS"", ""CONTINUITY_REQUIRES_THREE_LEVELS"", ""HIGH_RELATIVE_RESIDUAL"", ""INCOMPLETE_ANGULAR_SUPPORT"", ""INDEPENDENT_ELLIPSE_DISAGREES"", ""LARGE_UNOBSERVED_SECTOR"", ""MIXED_OR_NONCIRCULAR_SECTION"", ""NOT_TESTED_GEOMETRY_OR_AXIS_GROUND_FAILED""]",,False,False
TREE_0085,REJECT,,,,False,0.053723,SPATIALLY_HELD_OUT,REJECT,MANUAL_REVIEW,,,,,[],,False,False
TREE_0086,REJECT,,,,False,0.003452,SPATIALLY_HELD_OUT,REJECT,MANUAL_REVIEW,,,,,[],,False,False
TREE_0087,REJECT,,,,False,0.011889,SPATIALLY_HELD_OUT,REJECT,MANUAL_REVIEW,,,,,[],,False,False
TREE_0088,REJECT,,,,False,0.077106,SPATIALLY_HELD_OUT,REJECT,MANUAL_REVIEW,,,,,[],,False,False
TREE_0089,REJECT,,,,False,0.019094,SPATIALLY_HELD_OUT,REJECT,MANUAL_REVIEW,,,,,[],,False,False
TREE_0090,REJECT,,,,False,0.012954,SPATIALLY_HELD_OUT,REJECT,MANUAL_REVIEW,,,,,[],,False,False
TREE_0091,KEEP,,,,True,0.779301,SPATIALLY_HELD_OUT,KEEP,MANUAL_REVIEW,,,1.6,2.3477469,"[""AXIS_CENTERS_INCONSISTENT"", ""COMPETING_OR_DISCONTINUOUS_STEM_CENTERS"", ""CONNECTED_STEM_RADIUS_UNSTABLE"", ""HIGH_RELATIVE_RESIDUAL"", ""INDEPENDENT_ELLIPSE_DISAGREES"", ""NOT_TESTED_GEOMETRY_OR_AXIS_GROUND_FAILED""]",,False,False
TREE_0092,KEEP,,,,True,0.412537,SPATIALLY_HELD_OUT,REJECT,MANUAL_REVIEW,,,2.6,3.9128007,"[""AXIS_CENTERS_INCONSISTENT"", ""CONTINUITY_REQUIRES_THREE_LEVELS"", ""FIT_MOVED_FROM_STEM_HYPOTHESIS"", ""HIGH_RELATIVE_RESIDUAL"", ""IDENTITY_REVIEW_FALSE_POSITIVE"", ""INDEPENDENT_ELLIPSE_DISAGREES"", ""MIXED_OR_NONCIRCULAR_SECTION"", ""NOT_TESTED_GEOMETRY_OR_AXIS_GROUND_FAILED"", ""OPERATIONALLY_EXCLUDED_TREE_ID""]",,False,False
TREE_0093,KEEP,,,,True,0.773799,SPATIALLY_HELD_OUT,KEEP,MANUAL_REVIEW,,,4.0,12.0101981,"[""AXIS_NOT_BRACKETED_BY_OBSERVATIONS"", ""GROUND_SPATIALLY_UNSTABLE"", ""MIXED_OR_NONCIRCULAR_SECTION"", ""NOT_TESTED_GEOMETRY_OR_AXIS_GROUND_FAILED"", ""OPERATIONALLY_EXCLUDED_TREE_ID""]",,False,False
TREE_0094,KEEP,,,,True,0.921951,SPATIALLY_HELD_OUT,KEEP,MANUAL_REVIEW,,,1.6,2.5107696,"[""CONNECTED_STEM_RADIUS_UNSTABLE"", ""HIGH_RELATIVE_RESIDUAL"", ""INDEPENDENT_ELLIPSE_DISAGREES"", ""NOT_TESTED_GEOMETRY_OR_AXIS_GROUND_FAILED""]",,False,False
TREE_0095,KEEP,,,,True,0.930327,SPATIALLY_HELD_OUT,KEEP,MANUAL_REVIEW,,,1.4,23.2066164,"[""INCOMPLETE_ANGULAR_SUPPORT"", ""LARGE_UNOBSERVED_SECTOR"", ""NOT_TESTED_GEOMETRY_OR_AXIS_GROUND_FAILED""]",,False,False
TREE_0096,REJECT,,,,False,0.718897,SPATIALLY_HELD_OUT,KEEP,MANUAL_REVIEW,,,,,[],,False,False
TREE_0097,KEEP,,,,True,0.979226,SPATIALLY_HELD_OUT,KEEP,MANUAL_REVIEW,,,1.3,8.0462917,"[""CONNECTED_STEM_RADIUS_UNSTABLE""]",,False,False
TREE_0098,KEEP,,,,True,0.978416,SPATIALLY_HELD_OUT,KEEP,MANUAL_REVIEW,,,1.3,8.0521012,"[""CONNECTED_STEM_RADIUS_UNSTABLE"", ""IDENTITY_REVIEW_DUPLICATE""]",,False,False
TREE_0099,KEEP,,,,True,0.97882,SPATIALLY_HELD_OUT,KEEP,MANUAL_REVIEW,,,1.5,10.0341412,"[""SENSITIVITY_VARIANT_FAILS_GEOMETRY""]",,False,False
TREE_0100,KEEP,,,,True,0.942893,SPATIALLY_HELD_OUT,KEEP,MANUAL_REVIEW,,,2.3,12.9157311,"[""INCOMPLETE_ANGULAR_SUPPORT"", ""LARGE_UNOBSERVED_SECTOR"", ""NOT_TESTED_GEOMETRY_OR_AXIS_GROUND_FAILED""]",,False,False
TREE_0101,REJECT,,,,False,0.693711,SPATIALLY_HELD_OUT,KEEP,MANUAL_REVIEW,,,,,[],,False,False
TREE_0102,REJECT,,,,False,0.396311,SPATIALLY_HELD_OUT,REJECT,MANUAL_REVIEW,,,,,[],,False,False
TREE_0103,KEEP,,,,True,0.925072,SPATIALLY_HELD_OUT,KEEP,MANUAL_REVIEW,,,2.1,8.0818397,"[""AXIS_NOT_BRACKETED_BY_OBSERVATIONS"", ""NOT_TESTED_GEOMETRY_OR_AXIS_GROUND_FAILED""]",,False,False
TREE_0104,KEEP,,,,True,0.840794,SPATIALLY_HELD_OUT,KEEP,MANUAL_REVIEW,,,2.2,13.9894704,"[""CONNECTED_STEM_RADIUS_UNSTABLE"", ""INCOMPLETE_ANGULAR_SUPPORT"", ""LARGE_UNOBSERVED_SECTOR"", ""NOT_TESTED_GEOMETRY_OR_AXIS_GROUND_FAILED""]",,False,False
TREE_0105,KEEP,,,,True,0.956903,SPATIALLY_HELD_OUT,KEEP,MANUAL_REVIEW,,,1.5,8.307945,"[""SENSITIVITY_VARIANT_FAILS_GEOMETRY""]",,False,False
TREE_0106,REJECT,,,,False,0.096782,SPATIALLY_HELD_OUT,REJECT,MANUAL_REVIEW,,,,,[],,False,False
TREE_0107,KEEP,,,,True,0.968018,SPATIALLY_HELD_OUT,KEEP,MANUAL_REVIEW,,,2.0,3.0838444,"[""HIGH_RELATIVE_RESIDUAL"", ""INDEPENDENT_ELLIPSE_DISAGREES"", ""NOT_TESTED_GEOMETRY_OR_AXIS_GROUND_FAILED""]",,False,False
TREE_0108,KEEP,,,,True,0.896891,SPATIALLY_HELD_OUT,KEEP,MANUAL_REVIEW,,,2.5,5.052244,"[""AXIS_CENTERS_INCONSISTENT"", ""HIGH_RELATIVE_RESIDUAL"", ""NOT_TESTED_GEOMETRY_OR_AXIS_GROUND_FAILED""]",,False,False
TREE_0109,REJECT,,,,False,0.020214,SPATIALLY_HELD_OUT,REJECT,MANUAL_REVIEW,,,,,[],,False,False
TREE_0110,KEEP,,,,True,0.907006,SPATIALLY_HELD_OUT,KEEP,MANUAL_REVIEW,,,1.8,5.1189499,"[""AXIS_CENTERS_INCONSISTENT"", ""AXIS_IDENTITY_SHIFT"", ""AXIS_MODEL_DISAGREEMENT"", ""CONTINUITY_REQUIRES_THREE_LEVELS"", ""HIGH_RELATIVE_RESIDUAL"", ""MIXED_OR_NONCIRCULAR_SECTION"", ""NOT_TESTED_GEOMETRY_OR_AXIS_GROUND_FAILED""]",,False,False
TREE_0111,REJECT,,,,False,0.131276,SPATIALLY_HELD_OUT,REJECT,MANUAL_REVIEW,,,,,[],,False,False
TREE_0112,KEEP,,,,True,0.93325,SPATIALLY_HELD_OUT,KEEP,MANUAL_REVIEW,,,2.6,2.5001217,"[""CONNECTED_STEM_RADIUS_UNSTABLE"", ""HIGH_RELATIVE_RESIDUAL"", ""INDEPENDENT_ELLIPSE_DISAGREES"", ""NOT_TESTED_GEOMETRY_OR_AXIS_GROUND_FAILED""]",,False,False
TREE_0113,EDIT,ลองขยับไปที่ 2.5 m จะชัดเจนกว่า,2.5,,True,0.862628,UNLABELLED_FOR_BINARY_MODEL,KEEP,MANUAL_REVIEW,,,2.5,17.294359,"[""GROUND_SPATIALLY_UNSTABLE"", ""INCOMPLETE_ANGULAR_SUPPORT"", ""INDEPENDENT_ELLIPSE_DISAGREES"", ""LARGE_UNOBSERVED_SECTOR"", ""MIXED_OR_NONCIRCULAR_SECTION"", ""STABILITY_NOT_TESTED""]",data/learning/refits/TREE_0113.json,False,False
TREE_0114,REJECT,,,,False,0.057054,SPATIALLY_HELD_OUT,REJECT,MANUAL_REVIEW,,,,,[],,False,False
TREE_0115,REJECT,,,,False,0.037895,SPATIALLY_HELD_OUT,REJECT,MANUAL_REVIEW,,,,,[],,False,False
TREE_0116,REJECT,,,,False,0.030366,SPATIALLY_HELD_OUT,REJECT,MANUAL_REVIEW,,,,,[],,False,False
TREE_0117,KEEP,,,,True,0.92472,SPATIALLY_HELD_OUT,KEEP,MANUAL_REVIEW,,,2.2,12.7099379,"[""CONNECTED_STEM_RADIUS_UNSTABLE"", ""INCOMPLETE_ANGULAR_SUPPORT"", ""NOT_TESTED_GEOMETRY_OR_AXIS_GROUND_FAILED""]",,False,False
TREE_0118,REJECT,,,,False,0.04688,SPATIALLY_HELD_OUT,REJECT,MANUAL_REVIEW,,,,,[],,False,False
